finding_id,application_id,application_name,environment,cve,component_ref,cvss,epss,internet_exposed,runtime_reachable,business_criticality,concert_like_risk_score,suggested_priority,status,scanner
FND-000001,APP-0001,Paiements SEPA,production,CVE-2025-32463,pkg:golang/google.golang.org/grpc@2.9.10?instance=46,7.6,0.1548,False,True,Medium,7.3,P2,Open,SyntheticScanner
FND-000002,APP-0001,Paiements SEPA,production,CVE-2026-21401,pkg:golang/go.uber.org/zap@8.8.12?instance=35,8.4,0.1338,False,True,Medium,8.0,P1,Open,SyntheticScanner
FND-000003,APP-0001,Paiements SEPA,production,CVE-2023-44487,pkg:golang/go.uber.org/zap@7.1.0?instance=28,7.2,0.2011,False,True,Medium,7.1,P2,Open,SyntheticScanner
FND-000004,APP-0001,Paiements SEPA,production,CVE-2023-38545,pkg:golang/google.golang.org/grpc@2.9.10?instance=46,6.9,0.1005,False,True,Medium,6.4,P2,Open,SyntheticScanner
FND-000005,APP-0001,Paiements SEPA,production,CVE-2025-24813,pkg:golang/go.uber.org/zap@7.10.1?instance=41,8.3,0.0602,False,False,Medium,5.1,P2,Accepted - dead/unreachable code,SyntheticScanner
FND-000006,APP-0001,Paiements SEPA,production,CVE-2025-24813,pkg:golang/github.com/gorilla/mux@8.19.1?instance=50,8.0,0.1282,False,False,Medium,5.1,P2,Accepted - dead/unreachable code,SyntheticScanner
FND-000007,APP-0001,Paiements SEPA,production,CVE-2025-24813,pkg:golang/golang.org/x/crypto@5.7.0?instance=45,5.6,0.1666,False,True,Medium,5.4,P2,Open,SyntheticScanner
FND-000008,APP-0001,Paiements SEPA,production,CVE-2022-22965,pkg:golang/github.com/gin-gonic/gin@5.3.11?instance=3,8.9,0.2262,False,False,Medium,6.0,P2,Accepted - dead/unreachable code,SyntheticScanner
FND-000009,APP-0001,Paiements SEPA,production,CVE-2025-24813,pkg:golang/github.com/spf13/viper@9.4.1?instance=37,9.1,0.4524,False,True,Medium,10,P1,Open,SyntheticScanner
FND-000010,APP-0001,Paiements SEPA,production,CVE-2023-38545,pkg:golang/github.com/spf13/viper@4.15.4?instance=14,7.6,0.1216,False,True,Medium,7.2,P2,Open,SyntheticScanner
FND-000011,APP-0001,Paiements SEPA,production,CVE-2023-44487,pkg:golang/go.uber.org/zap@6.0.5?instance=42,6.9,0.1642,False,True,Medium,6.7,P2,Open,SyntheticScanner
FND-000012,APP-0001,Paiements SEPA,production,CVE-2025-32463,pkg:golang/golang.org/x/crypto@6.3.2?instance=25,6.3,0.2117,False,False,Medium,4.2,P3,Accepted - dead/unreachable code,SyntheticScanner
FND-000013,APP-0001,Paiements SEPA,production,CVE-2023-44487,pkg:golang/google.golang.org/grpc@4.17.4?instance=21,5.3,0.4043,False,True,Medium,5.9,P2,Open,SyntheticScanner
FND-000014,APP-0001,Paiements SEPA,production,CVE-2024-21626,pkg:golang/github.com/gin-gonic/gin@9.18.0?instance=43,7.2,0.2286,False,True,Medium,7.2,P2,Open,SyntheticScanner
FND-000015,APP-0001,Paiements SEPA,production,CVE-2024-3094,pkg:golang/github.com/spf13/viper@4.17.9?instance=7,9.7,0.1952,False,True,Medium,9.6,P1,Open,SyntheticScanner
FND-000016,APP-0001,Paiements SEPA,production,CVE-2025-32463,pkg:golang/google.golang.org/grpc@2.9.10?instance=46,6.9,0.269,False,True,Medium,7.1,P2,Open,SyntheticScanner
FND-000017,APP-0001,Paiements SEPA,production,CVE-2026-21401,pkg:golang/github.com/prometheus/client_golang@1.3.4?instance=8,7.0,0.3576,False,True,Medium,7.5,P1,Open,SyntheticScanner
FND-000018,APP-0001,Paiements SEPA,production,CVE-2025-24813,pkg:golang/go.uber.org/zap@9.11.2?instance=19,5.6,0.2809,False,False,Medium,3.9,P3,Accepted - dead/unreachable code,SyntheticScanner
FND-000019,APP-0001,Paiements SEPA,production,CVE-2024-3094,pkg:golang/go.uber.org/zap@7.1.0?instance=28,4.3,0.3118,False,True,Medium,4.5,P3,Open,SyntheticScanner
FND-000020,APP-0001,Paiements SEPA,production,CVE-2021-44228,pkg:golang/golang.org/x/crypto@6.3.2?instance=25,4.9,0.528,False,True,Medium,5.8,P2,Open,SyntheticScanner
FND-000021,APP-0001,Paiements SEPA,production,CVE-2025-24813,pkg:golang/github.com/spf13/viper@7.14.1?instance=17,5.1,0.3037,False,True,Medium,5.3,P2,Open,SyntheticScanner
FND-000022,APP-0001,Paiements SEPA,preproduction,CVE-2024-3094,pkg:golang/github.com/spf13/viper@8.3.12?instance=44,9.1,0.4173,False,True,Medium,10,P1,Open,SyntheticScanner
FND-000023,APP-0001,Paiements SEPA,preproduction,CVE-2024-3094,pkg:golang/go.uber.org/zap@3.7.9?instance=11,8.9,0.6612,False,False,Medium,7.5,P1,Accepted - dead/unreachable code,SyntheticScanner
FND-000024,APP-0001,Paiements SEPA,preproduction,CVE-2025-24813,pkg:golang/google.golang.org/grpc@1.17.5?instance=55,5.9,0.0702,False,False,Medium,3.6,P3,Accepted - dead/unreachable code,SyntheticScanner
FND-000025,APP-0001,Paiements SEPA,preproduction,CVE-2026-21401,pkg:golang/google.golang.org/grpc@9.3.1?instance=24,5.3,0.2603,False,True,Medium,5.4,P2,Open,SyntheticScanner
FND-000026,APP-0001,Paiements SEPA,preproduction,CVE-2021-44228,pkg:golang/google.golang.org/grpc@5.4.11?instance=34,9.8,0.2083,False,True,Medium,9.7,P1,Open,SyntheticScanner
FND-000027,APP-0001,Paiements SEPA,preproduction,CVE-2025-29927,pkg:golang/github.com/gin-gonic/gin@9.1.1?instance=42,5.3,0.0102,False,False,Medium,3.1,P3,Accepted - dead/unreachable code,SyntheticScanner
FND-000028,APP-0001,Paiements SEPA,preproduction,CVE-2021-44228,pkg:golang/github.com/go-sql-driver/mysql@3.2.11?instance=36,9.0,0.401,False,False,Medium,6.6,P2,Accepted - dead/unreachable code,SyntheticScanner
FND-000029,APP-0001,Paiements SEPA,preproduction,CVE-2024-21626,pkg:golang/golang.org/x/crypto@9.1.12?instance=27,7.9,0.5722,False,True,Medium,9.5,P1,Open,SyntheticScanner
FND-000030,APP-0001,Paiements SEPA,preproduction,CVE-2025-32463,pkg:golang/golang.org/x/crypto@7.4.10?instance=19,6.5,0.1817,False,False,Medium,4.3,P3,Accepted - dead/unreachable code,SyntheticScanner
FND-000031,APP-0001,Paiements SEPA,preproduction,CVE-2025-32463,pkg:golang/golang.org/x/crypto@4.18.4?instance=9,9.6,0.4321,False,False,Medium,7.2,P2,Accepted - dead/unreachable code,SyntheticScanner
FND-000032,APP-0001,Paiements SEPA,preproduction,CVE-2024-21626,pkg:golang/golang.org/x/crypto@5.3.0?instance=40,4.3,0.0418,False,False,Medium,2.6,P3,Accepted - dead/unreachable code,SyntheticScanner
FND-000033,APP-0002,Portail Client,production,CVE-2022-22965,pkg:pypi/jinja2@7.0.4?instance=58,6.7,0.1527,False,False,Medium,4.3,P3,Accepted - dead/unreachable code,SyntheticScanner
FND-000034,APP-0002,Portail Client,production,CVE-2024-3094,pkg:pypi/flask@5.17.7?instance=8,7.1,0.5906,False,True,Medium,8.6,P1,Open,SyntheticScanner
FND-000035,APP-0002,Portail Client,production,CVE-2024-21626,pkg:pypi/numpy@6.17.6?instance=47,4.1,0.4708,False,True,Medium,4.7,P3,Open,SyntheticScanner
FND-000036,APP-0002,Portail Client,production,CVE-2025-32463,pkg:pypi/requests@3.2.5?instance=37,5.3,0.0301,False,True,Medium,4.7,P3,Open,SyntheticScanner
FND-000037,APP-0002,Portail Client,production,CVE-2022-22965,pkg:pypi/urllib3@2.4.8?instance=39,4.4,0.4161,False,True,Medium,4.9,P3,Open,SyntheticScanner
FND-000038,APP-0002,Portail Client,production,CVE-2024-21626,pkg:pypi/flask@6.2.4?instance=52,5.3,0.2027,False,False,Medium,3.5,P3,Accepted - dead/unreachable code,SyntheticScanner
FND-000039,APP-0002,Portail Client,production,CVE-2025-29927,pkg:pypi/flask@9.10.8?instance=15,4.2,0.5597,False,False,Medium,3.4,P3,Accepted - dead/unreachable code,SyntheticScanner
FND-000040,APP-0002,Portail Client,production,CVE-2025-24813,pkg:pypi/flask@6.3.9?instance=19,8.1,0.1822,False,True,Medium,7.9,P1,Open,SyntheticScanner
FND-000041,APP-0002,Portail Client,production,CVE-2025-32463,pkg:pypi/pyyaml@1.1.1?instance=16,8.0,0.4356,False,True,Medium,9.0,P1,Open,SyntheticScanner
FND-000042,APP-0002,Portail Client,production,CVE-2021-44228,pkg:pypi/pyyaml@4.12.2?instance=43,4.4,0.497,False,False,Medium,3.4,P3,Accepted - dead/unreachable code,SyntheticScanner
FND-000043,APP-0002,Portail Client,production,CVE-2021-44228,pkg:pypi/cryptography@8.9.7?instance=42,9.3,0.1547,False,True,Medium,9.0,P1,Open,SyntheticScanner
FND-000044,APP-0002,Portail Client,production,CVE-2025-24813,pkg:pypi/numpy@7.4.0?instance=10,5.7,0.6662,False,True,Medium,7.1,P2,Open,SyntheticScanner
FND-000045,APP-0002,Portail Client,production,CVE-2023-44487,pkg:pypi/pyyaml@4.18.10?instance=24,5.8,0.1229,False,True,Medium,5.5,P2,Open,SyntheticScanner
FND-000046,APP-0002,Portail Client,production,CVE-2026-21401,pkg:pypi/cryptography@8.11.1?instance=61,8.7,0.4336,False,True,Medium,9.8,P1,Open,SyntheticScanner
FND-000047,APP-0002,Portail Client,production,CVE-2026-21401,pkg:pypi/cryptography@7.7.8?instance=50,8.3,0.4307,False,False,Medium,6.2,P2,Accepted - dead/unreachable code,SyntheticScanner
FND-000048,APP-0002,Portail Client,production,CVE-2023-38545,pkg:pypi/cryptography@9.19.7?instance=21,8.3,0.1641,False,False,Medium,5.4,P2,Accepted - dead/unreachable code,SyntheticScanner
FND-000049,APP-0002,Portail Client,production,CVE-2025-29927,pkg:pypi/pyyaml@3.19.11?instance=34,6.1,0.0585,False,True,Medium,5.5,P2,Open,SyntheticScanner
FND-000050,APP-0002,Portail Client,production,CVE-2023-44487,pkg:pypi/pyyaml@3.19.11?instance=34,5.5,0.4194,False,False,Medium,4.1,P3,Accepted - dead/unreachable code,SyntheticScanner
FND-000051,APP-0002,Portail Client,production,CVE-2025-29927,pkg:pypi/requests@7.9.7?instance=41,8.1,0.5546,False,False,Medium,6.5,P2,Accepted - dead/unreachable code,SyntheticScanner
FND-000052,APP-0002,Portail Client,production,CVE-2024-3094,pkg:pypi/pyyaml@4.18.10?instance=24,9.7,0.6718,False,True,Medium,10,P1,Open,SyntheticScanner
FND-000053,APP-0002,Portail Client,production,CVE-2025-24813,pkg:pypi/urllib3@4.15.12?instance=5,5.8,0.5958,False,True,Medium,7.0,P2,Open,SyntheticScanner
FND-000054,APP-0002,Portail Client,production,CVE-2024-3094,pkg:pypi/pyyaml@4.12.2?instance=43,4.3,0.234,False,False,Medium,2.9,P3,Accepted - dead/unreachable code,SyntheticScanner
FND-000055,APP-0002,Portail Client,preproduction,CVE-2023-38545,pkg:pypi/jinja2@4.10.1?instance=37,6.4,0.4753,False,True,Medium,7.3,P2,Open,SyntheticScanner
FND-000056,APP-0002,Portail Client,preproduction,CVE-2024-3094,pkg:pypi/django@1.15.2?instance=6,9.9,0.0243,False,False,Medium,5.9,P2,Accepted - dead/unreachable code,SyntheticScanner
FND-000057,APP-0002,Portail Client,preproduction,CVE-2023-44487,pkg:pypi/urllib3@9.6.12?instance=44,7.0,0.2388,False,False,Medium,4.7,P3,Accepted - dead/unreachable code,SyntheticScanner
FND-000058,APP-0002,Portail Client,preproduction,CVE-2022-22965,pkg:pypi/numpy@2.12.9?instance=24,8.1,0.5594,False,False,Medium,6.5,P2,Accepted - dead/unreachable code,SyntheticScanner
FND-000059,APP-0002,Portail Client,preproduction,CVE-2025-32463,pkg:pypi/flask@2.14.1?instance=36,9.5,0.2902,False,True,Medium,9.9,P1,Open,SyntheticScanner
FND-000060,APP-0002,Portail Client,preproduction,CVE-2022-22965,pkg:pypi/urllib3@9.6.12?instance=44,7.5,0.076,False,False,Medium,4.6,P3,Accepted - dead/unreachable code,SyntheticScanner
FND-000061,APP-0002,Portail Client,preproduction,CVE-2025-29927,pkg:pypi/urllib3@9.14.10?instance=49,7.8,0.1715,False,False,Medium,5.1,P2,Accepted - dead/unreachable code,SyntheticScanner
FND-000062,APP-0002,Portail Client,preproduction,CVE-2022-22965,pkg:pypi/cryptography@6.15.3?instance=23,8.1,0.1336,False,False,Medium,5.2,P2,Accepted - dead/unreachable code,SyntheticScanner
FND-000063,APP-0002,Portail Client,preproduction,CVE-2022-22965,pkg:pypi/cryptography@6.15.3?instance=23,5.2,0.0906,False,True,Medium,4.8,P3,Open,SyntheticScanner
FND-000064,APP-0002,Portail Client,preproduction,CVE-2024-3094,pkg:pypi/cryptography@1.7.4?instance=5,7.5,0.2767,False,False,Medium,5.2,P2,Accepted - dead/unreachable code,SyntheticScanner
FND-000065,APP-0002,Portail Client,preproduction,CVE-2025-24813,pkg:pypi/urllib3@9.6.12?instance=44,8.6,0.1377,False,False,Medium,5.5,P2,Accepted - dead/unreachable code,SyntheticScanner
FND-000066,APP-0002,Portail Client,preproduction,CVE-2023-44487,pkg:pypi/jinja2@5.2.9?instance=29,6.4,0.6625,False,True,Medium,8.0,P1,Open,SyntheticScanner
FND-000067,APP-0002,Portail Client,preproduction,CVE-2021-44228,pkg:pypi/flask@8.18.9?instance=22,5.7,0.1834,False,True,Medium,5.6,P2,Open,SyntheticScanner
FND-000068,APP-0002,Portail Client,preproduction,CVE-2024-3094,pkg:pypi/numpy@5.2.0?instance=17,9.8,0.2474,False,True,Medium,10.0,P1,Open,SyntheticScanner
FND-000069,APP-0002,Portail Client,preproduction,CVE-2025-32463,pkg:pypi/pyyaml@8.5.11?instance=0,4.6,0.2199,False,True,Medium,4.6,P3,Open,SyntheticScanner
FND-000070,APP-0003,API Sinistres,production,CVE-2023-38545,pkg:pypi/jinja2@2.8.11?instance=45,5.3,0.2249,False,True,Critical,6.6,P2,Open,SyntheticScanner
FND-000071,APP-0003,API Sinistres,production,CVE-2023-44487,pkg:pypi/cryptography@9.6.5?instance=20,8.6,0.0483,False,False,Critical,6.5,P2,Accepted - dead/unreachable code,SyntheticScanner
FND-000072,APP-0003,API Sinistres,production,CVE-2024-3094,pkg:pypi/urllib3@5.8.11?instance=22,9.5,0.2541,False,True,Critical,10,P1,Open,SyntheticScanner
FND-000073,APP-0003,API Sinistres,production,CVE-2025-32463,pkg:pypi/urllib3@2.10.8?instance=4,7.3,0.2917,True,True,Critical,10,P1,Open,SyntheticScanner
FND-000074,APP-0003,API Sinistres,production,CVE-2025-32463,pkg:pypi/numpy@2.14.7?instance=42,4.2,0.0409,False,True,Critical,4.7,P3,Open,SyntheticScanner
FND-000075,APP-0003,API Sinistres,production,CVE-2023-44487,pkg:pypi/cryptography@5.2.6?instance=6,9.7,0.2951,False,False,Critical,8.5,P1,Accepted - dead/unreachable code,SyntheticScanner
FND-000076,APP-0003,API Sinistres,production,CVE-2023-44487,pkg:pypi/numpy@2.14.7?instance=42,8.2,0.3304,True,True,Critical,10,P1,Open,SyntheticScanner
FND-000077,APP-0003,API Sinistres,production,CVE-2022-22965,pkg:pypi/urllib3@5.13.1?instance=8,4.8,0.0131,True,True,Critical,6.8,P2,Open,SyntheticScanner
FND-000078,APP-0003,API Sinistres,production,CVE-2025-29927,pkg:pypi/cryptography@3.10.11?instance=29,4.6,0.3438,False,False,Critical,4.1,P3,Accepted - dead/unreachable code,SyntheticScanner
FND-000079,APP-0003,API Sinistres,production,CVE-2025-24813,pkg:pypi/numpy@9.17.7?instance=36,9.6,0.4218,False,False,Critical,9.0,P1,Accepted - dead/unreachable code,SyntheticScanner
FND-000080,APP-0003,API Sinistres,production,CVE-2022-22965,pkg:pypi/flask@6.2.2?instance=3,4.8,0.1053,True,True,Critical,7.2,P2,Open,SyntheticScanner
FND-000081,APP-0003,API Sinistres,production,CVE-2021-44228,pkg:pypi/urllib3@2.11.4?instance=27,8.9,0.115,False,False,Critical,7.0,P2,Accepted - dead/unreachable code,SyntheticScanner
FND-000082,APP-0003,API Sinistres,production,CVE-2023-44487,pkg:pypi/flask@2.19.8?instance=23,5.3,0.0282,True,True,Critical,7.6,P1,Open,SyntheticScanner
FND-000083,APP-0003,API Sinistres,production,CVE-2025-32463,pkg:pypi/django@5.5.3?instance=19,9.0,0.0251,True,True,Critical,10,P1,Open,SyntheticScanner
FND-000084,APP-0003,API Sinistres,production,CVE-2021-44228,pkg:pypi/urllib3@9.2.0?instance=2,5.3,0.1991,True,True,Critical,8.4,P1,Open,SyntheticScanner
FND-000085,APP-0003,API Sinistres,preproduction,CVE-2021-44228,pkg:pypi/pyyaml@8.4.12?instance=53,9.8,0.5313,False,True,Critical,10,P1,Open,SyntheticScanner
FND-000086,APP-0003,API Sinistres,preproduction,CVE-2024-21626,pkg:pypi/urllib3@6.9.10?instance=18,4.3,0.5693,False,True,Critical,6.4,P2,Open,SyntheticScanner
FND-000087,APP-0003,API Sinistres,preproduction,CVE-2023-44487,pkg:pypi/urllib3@1.5.12?instance=20,9.6,0.086,False,True,Critical,10,P1,Open,SyntheticScanner
FND-000088,APP-0003,API Sinistres,preproduction,CVE-2026-21401,pkg:pypi/numpy@9.15.12?instance=24,6.2,0.5416,False,False,Critical,6.1,P2,Accepted - dead/unreachable code,SyntheticScanner
FND-000089,APP-0003,API Sinistres,preproduction,CVE-2022-22965,pkg:pypi/cryptography@5.9.10?instance=34,4.6,0.3084,True,True,Critical,7.7,P1,Open,SyntheticScanner
FND-000090,APP-0003,API Sinistres,preproduction,CVE-2022-22965,pkg:pypi/requests@7.19.3?instance=50,4.7,0.0475,True,True,Critical,6.8,P2,Open,SyntheticScanner
FND-000091,APP-0003,API Sinistres,preproduction,CVE-2023-38545,pkg:pypi/django@9.10.8?instance=43,9.7,0.2806,False,True,Critical,10,P1,Open,SyntheticScanner
FND-000092,APP-0003,API Sinistres,preproduction,CVE-2024-3094,pkg:pypi/numpy@8.12.5?instance=39,9.3,0.0823,True,True,Critical,10,P1,Open,SyntheticScanner
FND-000093,APP-0003,API Sinistres,preproduction,CVE-2024-3094,pkg:pypi/numpy@7.7.0?instance=47,6.9,0.1002,True,True,Critical,10,P1,Open,SyntheticScanner
FND-000094,APP-0003,API Sinistres,preproduction,CVE-2025-29927,pkg:pypi/flask@7.13.2?instance=60,7.6,0.1248,True,True,Critical,10,P1,Open,SyntheticScanner
FND-000095,APP-0004,Mobile Banking,production,CVE-2021-44228,pkg:maven/org.apache.logging.log4j/log4j-core@8.17.6?instance=4,5.0,0.4053,False,False,High,4.1,P3,Accepted - dead/unreachable code,SyntheticScanner
FND-000096,APP-0004,Mobile Banking,production,CVE-2026-21401,pkg:maven/io.netty/netty-handler@7.13.5?instance=14,7.8,0.2717,False,False,High,6.0,P2,Accepted - dead/unreachable code,SyntheticScanner
FND-000097,APP-0004,Mobile Banking,production,CVE-2021-44228,pkg:maven/org.apache.commons/commons-text@1.20.1?instance=50,9.9,0.1328,True,True,High,10,P1,Open,SyntheticScanner
FND-000098,APP-0004,Mobile Banking,production,CVE-2025-24813,pkg:maven/org.hibernate/hibernate-core@6.9.6?instance=40,9.4,0.1362,False,True,High,10,P1,Open,SyntheticScanner
FND-000099,APP-0004,Mobile Banking,production,CVE-2023-44487,pkg:maven/org.yaml/snakeyaml@9.15.7?instance=36,6.1,0.1909,True,True,High,8.6,P1,Open,SyntheticScanner
FND-000100,APP-0004,Mobile Banking,production,CVE-2021-44228,pkg:maven/org.postgresql/postgresql@7.0.7?instance=29,7.8,0.738,False,True,High,10,P1,Open,SyntheticScanner
FND-000101,APP-0004,Mobile Banking,production,CVE-2021-44228,pkg:maven/org.hibernate/hibernate-core@2.18.7?instance=16,7.6,0.5928,False,False,High,6.9,P2,Accepted - dead/unreachable code,SyntheticScanner
FND-000102,APP-0004,Mobile Banking,production,CVE-2025-24813,pkg:maven/org.apache.commons/commons-text@6.14.12?instance=15,9.6,0.0532,False,True,High,9.7,P1,Open,SyntheticScanner
FND-000103,APP-0004,Mobile Banking,production,CVE-2021-44228,pkg:maven/org.yaml/snakeyaml@3.8.7?instance=34,7.1,0.0573,True,True,High,9.3,P1,Open,SyntheticScanner
FND-000104,APP-0004,Mobile Banking,production,CVE-2026-21401,pkg:maven/org.apache.logging.log4j/log4j-core@6.7.12?instance=5,9.1,0.0424,False,False,High,6.1,P2,Accepted - dead/unreachable code,SyntheticScanner
FND-000105,APP-0004,Mobile Banking,production,CVE-2022-22965,pkg:maven/org.springframework/spring-core@2.3.4?instance=32,5.7,0.0116,True,True,High,7.2,P2,Open,SyntheticScanner
FND-000106,APP-0004,Mobile Banking,production,CVE-2023-38545,pkg:maven/org.apache.commons/commons-text@1.11.0?instance=18,5.0,0.4067,False,False,High,4.1,P3,Accepted - dead/unreachable code,SyntheticScanner
FND-000107,APP-0004,Mobile Banking,production,CVE-2026-21401,pkg:maven/org.hibernate/hibernate-core@2.18.7?instance=16,8.9,0.2379,True,True,High,10,P1,Open,SyntheticScanner
FND-000108,APP-0004,Mobile Banking,production,CVE-2025-32463,pkg:maven/org.apache.logging.log4j/log4j-core@8.17.6?instance=4,9.0,0.1277,True,True,High,10,P1,Open,SyntheticScanner
FND-000109,APP-0004,Mobile Banking,production,CVE-2022-22965,pkg:maven/org.apache.commons/commons-text@8.10.7?instance=52,5.6,0.0387,False,True,High,5.6,P2,Open,SyntheticScanner
FND-000110,APP-0004,Mobile Banking,production,CVE-2024-3094,pkg:maven/org.springframework/spring-core@2.3.4?instance=32,5.0,0.0145,False,False,High,3.3,P3,Accepted - dead/unreachable code,SyntheticScanner
FND-000111,APP-0004,Mobile Banking,production,CVE-2025-29927,pkg:maven/org.yaml/snakeyaml@1.10.10?instance=2,6.6,0.1871,True,True,High,9.3,P1,Open,SyntheticScanner
FND-000112,APP-0004,Mobile Banking,production,CVE-2024-3094,pkg:maven/org.apache.logging.log4j/log4j-core@7.7.12?instance=38,9.5,0.3143,False,True,High,10,P1,Open,SyntheticScanner
FND-000113,APP-0004,Mobile Banking,production,CVE-2024-3094,pkg:maven/org.springframework/spring-core@2.3.4?instance=32,8.7,0.4703,False,False,High,7.5,P1,Accepted - dead/unreachable code,SyntheticScanner
FND-000114,APP-0004,Mobile Banking,production,CVE-2024-21626,pkg:maven/org.apache.commons/commons-text@5.0.5?instance=10,8.8,0.31,False,False,High,6.9,P2,Accepted - dead/unreachable code,SyntheticScanner
FND-000115,APP-0004,Mobile Banking,production,CVE-2025-32463,pkg:maven/org.apache.commons/commons-text@1.20.1?instance=50,6.7,0.1445,True,True,High,9.2,P1,Open,SyntheticScanner
FND-000116,APP-0004,Mobile Banking,production,CVE-2021-44228,pkg:maven/org.hibernate/hibernate-core@8.5.4?instance=30,4.8,0.1161,False,True,High,5.1,P2,Open,SyntheticScanner
FND-000117,APP-0004,Mobile Banking,production,CVE-2025-29927,pkg:maven/org.yaml/snakeyaml@4.13.3?instance=25,5.8,0.0904,False,True,High,6.0,P2,Open,SyntheticScanner
FND-000118,APP-0004,Mobile Banking,production,CVE-2025-24813,pkg:maven/org.apache.commons/commons-text@5.0.5?instance=10,5.8,0.2828,False,True,High,6.7,P2,Open,SyntheticScanner
FND-000119,APP-0004,Mobile Banking,production,CVE-2025-29927,pkg:maven/io.netty/netty-handler@1.0.2?instance=27,5.1,0.6218,True,True,High,9.0,P1,Open,SyntheticScanner
FND-000120,APP-0004,Mobile Banking,production,CVE-2023-38545,pkg:maven/org.postgresql/postgresql@8.12.5?instance=53,6.4,0.3913,False,False,High,5.3,P2,Accepted - dead/unreachable code,SyntheticScanner
FND-000121,APP-0004,Mobile Banking,production,CVE-2025-24813,pkg:maven/com.fasterxml.jackson.core/jackson-databind@7.10.12?instance=42,5.5,0.1194,True,True,High,7.5,P1,Open,SyntheticScanner
FND-000122,APP-0004,Mobile Banking,production,CVE-2025-32463,pkg:maven/org.apache.logging.log4j/log4j-core@8.13.1?instance=1,8.8,0.1368,True,True,High,10,P1,Open,SyntheticScanner
FND-000123,APP-0004,Mobile Banking,preproduction,CVE-2021-44228,pkg:maven/io.netty/netty-handler@9.7.5?instance=32,8.2,0.2244,False,False,High,6.2,P2,Accepted - dead/unreachable code,SyntheticScanner
FND-000124,APP-0004,Mobile Banking,preproduction,CVE-2025-24813,pkg:maven/org.springframework/spring-core@7.6.6?instance=27,6.4,0.1919,False,False,High,4.7,P3,Accepted - dead/unreachable code,SyntheticScanner
FND-000125,APP-0004,Mobile Banking,preproduction,CVE-2022-22965,pkg:maven/org.apache.commons/commons-text@2.3.10?instance=16,7.8,0.4636,False,True,High,9.9,P1,Open,SyntheticScanner
FND-000126,APP-0004,Mobile Banking,preproduction,CVE-2023-44487,pkg:maven/org.yaml/snakeyaml@3.16.4?instance=34,6.2,0.1948,False,False,High,4.6,P3,Accepted - dead/unreachable code,SyntheticScanner
FND-000127,APP-0004,Mobile Banking,preproduction,CVE-2023-44487,pkg:maven/org.apache.commons/commons-text@5.5.7?instance=23,8.1,0.0522,True,True,High,10,P1,Open,SyntheticScanner
FND-000128,APP-0004,Mobile Banking,preproduction,CVE-2022-22965,pkg:maven/com.fasterxml.jackson.core/jackson-databind@6.3.9?instance=3,4.5,0.4429,True,True,High,7.3,P2,Open,SyntheticScanner
FND-000129,APP-0004,Mobile Banking,preproduction,CVE-2022-22965,pkg:maven/com.fasterxml.jackson.core/jackson-databind@9.7.5?instance=45,9.0,0.3905,False,False,High,7.4,P2,Accepted - dead/unreachable code,SyntheticScanner
FND-000130,APP-0004,Mobile Banking,preproduction,CVE-2024-3094,pkg:maven/org.yaml/snakeyaml@2.13.6?instance=25,9.4,0.0317,False,False,High,6.3,P2,Accepted - dead/unreachable code,SyntheticScanner
FND-000131,APP-0004,Mobile Banking,preproduction,CVE-2023-44487,pkg:maven/org.apache.commons/commons-text@4.11.1?instance=47,5.1,0.3642,False,False,High,4.1,P3,Accepted - dead/unreachable code,SyntheticScanner
FND-000132,APP-0004,Mobile Banking,preproduction,CVE-2026-21401,pkg:maven/org.springframework/spring-core@2.0.3?instance=22,5.5,0.5587,False,False,High,4.9,P3,Accepted - dead/unreachable code,SyntheticScanner
FND-000133,APP-0004,Mobile Banking,preproduction,CVE-2024-3094,pkg:maven/com.fasterxml.jackson.core/jackson-databind@4.10.2?instance=26,9.3,0.2329,False,False,High,7.0,P2,Accepted - dead/unreachable code,SyntheticScanner
FND-000134,APP-0004,Mobile Banking,preproduction,CVE-2025-32463,pkg:maven/org.yaml/snakeyaml@2.12.9?instance=28,6.3,0.4823,True,True,High,10,P1,Open,SyntheticScanner
FND-000135,APP-0004,Mobile Banking,preproduction,CVE-2024-3094,pkg:maven/org.hibernate/hibernate-core@5.6.8?instance=31,9.2,0.3332,False,False,High,7.3,P2,Accepted - dead/unreachable code,SyntheticScanner
FND-000136,APP-0004,Mobile Banking,preproduction,CVE-2026-21401,pkg:maven/org.springframework/spring-core@9.0.8?instance=7,6.8,0.1818,False,False,High,5.0,P2,Accepted - dead/unreachable code,SyntheticScanner
FND-000137,APP-0004,Mobile Banking,preproduction,CVE-2023-44487,pkg:maven/org.yaml/snakeyaml@2.13.6?instance=25,8.7,0.1891,False,False,High,6.4,P2,Accepted - dead/unreachable code,SyntheticScanner
FND-000138,APP-0004,Mobile Banking,preproduction,CVE-2025-29927,pkg:maven/org.postgresql/postgresql@3.18.7?instance=8,5.3,0.2722,False,False,High,4.1,P3,Accepted - dead/unreachable code,SyntheticScanner
FND-000139,APP-0004,Mobile Banking,preproduction,CVE-2021-44228,pkg:maven/org.apache.commons/commons-text@5.5.7?instance=23,5.3,0.425,False,False,High,4.4,P3,Accepted - dead/unreachable code,SyntheticScanner
FND-000140,APP-0004,Mobile Banking,preproduction,CVE-2023-44487,pkg:maven/io.netty/netty-handler@1.16.2?instance=11,6.3,0.3895,False,False,High,5.2,P2,Accepted - dead/unreachable code,SyntheticScanner
FND-000141,APP-0004,Mobile Banking,preproduction,CVE-2023-44487,pkg:maven/com.fasterxml.jackson.core/jackson-databind@9.7.5?instance=45,5.9,0.2943,False,False,High,4.6,P3,Accepted - dead/unreachable code,SyntheticScanner
FND-000142,APP-0004,Mobile Banking,preproduction,CVE-2023-44487,pkg:maven/org.postgresql/postgresql@2.16.12?instance=41,7.8,0.4313,True,True,High,10,P1,Open,SyntheticScanner
FND-000143,APP-0005,Gestion Contrats,production,CVE-2024-21626,pkg:maven/org.postgresql/postgresql@4.0.4?instance=54,6.1,0.1628,True,True,High,8.5,P1,Open,SyntheticScanner
FND-000144,APP-0005,Gestion Contrats,production,CVE-2022-22965,pkg:maven/org.apache.logging.log4j/log4j-core@3.7.8?instance=20,8.6,0.3051,False,True,High,10,P1,Open,SyntheticScanner
FND-000145,APP-0005,Gestion Contrats,production,CVE-2025-32463,pkg:maven/org.apache.commons/commons-text@9.5.7?instance=8,5.0,0.2514,False,True,High,5.7,P2,Open,SyntheticScanner
FND-000146,APP-0005,Gestion Contrats,production,CVE-2024-3094,pkg:maven/org.apache.logging.log4j/log4j-core@8.13.1?instance=16,4.0,0.2478,False,False,High,3.0,P3,Accepted - dead/unreachable code,SyntheticScanner
FND-000147,APP-0005,Gestion Contrats,production,CVE-2025-29927,pkg:maven/org.apache.logging.log4j/log4j-core@8.13.1?instance=16,9.7,0.0558,False,False,High,6.6,P2,Accepted - dead/unreachable code,SyntheticScanner
FND-000148,APP-0005,Gestion Contrats,production,CVE-2024-21626,pkg:maven/com.fasterxml.jackson.core/jackson-databind@6.0.4?instance=11,5.7,0.2232,False,False,High,4.3,P3,Accepted - dead/unreachable code,SyntheticScanner
FND-000149,APP-0005,Gestion Contrats,production,CVE-2023-44487,pkg:maven/org.springframework/spring-core@1.0.9?instance=57,6.5,0.2372,True,True,High,9.4,P1,Open,SyntheticScanner
FND-000150,APP-0005,Gestion Contrats,production,CVE-2022-22965,pkg:maven/org.hibernate/hibernate-core@2.20.12?instance=0,6.1,0.017,False,False,High,4.1,P3,Accepted - dead/unreachable code,SyntheticScanner
FND-000151,APP-0005,Gestion Contrats,production,CVE-2023-44487,pkg:maven/io.netty/netty-handler@8.12.10?instance=12,5.3,0.1066,False,False,High,3.7,P3,Accepted - dead/unreachable code,SyntheticScanner
FND-000152,APP-0005,Gestion Contrats,production,CVE-2025-32463,pkg:maven/org.hibernate/hibernate-core@7.16.4?instance=27,7.9,0.0987,False,False,High,5.5,P2,Accepted - dead/unreachable code,SyntheticScanner
FND-000153,APP-0005,Gestion Contrats,production,CVE-2022-22965,pkg:maven/com.fasterxml.jackson.core/jackson-databind@7.9.3?instance=18,6.4,0.0965,True,True,High,8.6,P1,Open,SyntheticScanner
FND-000154,APP-0005,Gestion Contrats,production,CVE-2024-21626,pkg:maven/org.springframework/spring-core@4.5.5?instance=38,7.5,0.254,True,True,High,10,P1,Open,SyntheticScanner
FND-000155,APP-0005,Gestion Contrats,production,CVE-2024-21626,pkg:maven/com.fasterxml.jackson.core/jackson-databind@8.11.12?instance=14,5.4,0.0928,True,True,High,7.2,P2,Open,SyntheticScanner
FND-000156,APP-0005,Gestion Contrats,production,CVE-2024-21626,pkg:maven/org.apache.logging.log4j/log4j-core@3.7.8?instance=20,4.9,0.472,False,False,High,4.2,P3,Accepted - dead/unreachable code,SyntheticScanner
FND-000157,APP-0005,Gestion Contrats,production,CVE-2025-32463,pkg:maven/org.postgresql/postgresql@1.8.9?instance=29,8.8,0.4872,False,False,High,7.6,P1,Accepted - dead/unreachable code,SyntheticScanner
FND-000158,APP-0005,Gestion Contrats,production,CVE-2023-38545,pkg:maven/org.postgresql/postgresql@3.20.3?instance=7,7.9,0.2447,False,False,High,6.0,P2,Accepted - dead/unreachable code,SyntheticScanner
FND-000159,APP-0005,Gestion Contrats,production,CVE-2025-29927,pkg:maven/com.fasterxml.jackson.core/jackson-databind@5.20.4?instance=44,4.5,0.1559,False,True,High,4.9,P3,Open,SyntheticScanner
FND-000160,APP-0005,Gestion Contrats,production,CVE-2025-24813,pkg:maven/io.netty/netty-handler@4.7.5?instance=3,7.7,0.264,True,True,High,10,P1,Open,SyntheticScanner
FND-000161,APP-0005,Gestion Contrats,production,CVE-2024-3094,pkg:maven/io.netty/netty-handler@3.19.0?instance=59,4.5,0.0067,True,True,High,5.7,P2,Open,SyntheticScanner
FND-000162,APP-0005,Gestion Contrats,production,CVE-2023-38545,pkg:maven/org.hibernate/hibernate-core@7.9.4?instance=41,4.3,0.1072,True,True,High,5.8,P2,Open,SyntheticScanner
FND-000163,APP-0005,Gestion Contrats,production,CVE-2025-29927,pkg:maven/org.apache.logging.log4j/log4j-core@3.7.8?instance=20,9.1,0.5083,True,True,High,10,P1,Open,SyntheticScanner
FND-000164,APP-0005,Gestion Contrats,production,CVE-2025-32463,pkg:maven/org.springframework/spring-core@1.0.9?instance=57,5.4,0.3811,True,True,High,8.5,P1,Open,SyntheticScanner
FND-000165,APP-0005,Gestion Contrats,production,CVE-2021-44228,pkg:maven/org.apache.commons/commons-text@9.5.7?instance=8,6.2,0.1084,False,False,High,4.4,P3,Accepted - dead/unreachable code,SyntheticScanner
FND-000166,APP-0005,Gestion Contrats,production,CVE-2023-38545,pkg:maven/org.yaml/snakeyaml@9.17.2?instance=1,8.9,0.5399,True,True,High,10,P1,Open,SyntheticScanner
FND-000167,APP-0005,Gestion Contrats,production,CVE-2026-21401,pkg:maven/org.apache.commons/commons-text@9.0.12?instance=36,5.1,0.3274,False,True,High,6.1,P2,Open,SyntheticScanner
FND-000168,APP-0005,Gestion Contrats,production,CVE-2023-44487,pkg:maven/org.springframework/spring-core@7.18.9?instance=37,6.0,0.1888,False,False,High,4.4,P3,Accepted - dead/unreachable code,SyntheticScanner
FND-000169,APP-0005,Gestion Contrats,production,CVE-2025-32463,pkg:maven/org.postgresql/postgresql@1.8.9?instance=29,6.2,0.1367,False,False,High,4.4,P3,Accepted - dead/unreachable code,SyntheticScanner
FND-000170,APP-0005,Gestion Contrats,production,CVE-2025-29927,pkg:maven/org.yaml/snakeyaml@6.1.8?instance=23,4.8,0.1255,False,True,High,5.1,P2,Open,SyntheticScanner
FND-000171,APP-0005,Gestion Contrats,production,CVE-2024-3094,pkg:maven/org.springframework/spring-core@4.11.10?instance=52,7.1,0.1024,True,True,High,9.5,P1,Open,SyntheticScanner
FND-000172,APP-0005,Gestion Contrats,production,CVE-2024-3094,pkg:maven/org.yaml/snakeyaml@6.10.1?instance=43,9.0,0.0977,True,True,High,10,P1,Open,SyntheticScanner
FND-000173,APP-0005,Gestion Contrats,preproduction,CVE-2021-44228,pkg:maven/org.springframework/spring-core@5.17.12?instance=28,8.3,0.6675,True,True,High,10,P1,Open,SyntheticScanner
FND-000174,APP-0005,Gestion Contrats,preproduction,CVE-2022-22965,pkg:maven/com.fasterxml.jackson.core/jackson-databind@9.10.2?instance=67,6.5,0.2819,False,False,High,5.0,P2,Accepted - dead/unreachable code,SyntheticScanner
FND-000175,APP-0005,Gestion Contrats,preproduction,CVE-2024-21626,pkg:maven/org.postgresql/postgresql@5.5.11?instance=7,5.9,0.662,True,True,High,10,P1,Open,SyntheticScanner
FND-000176,APP-0005,Gestion Contrats,preproduction,CVE-2021-44228,pkg:maven/com.fasterxml.jackson.core/jackson-databind@3.10.11?instance=54,4.3,0.293,False,False,High,3.4,P3,Accepted - dead/unreachable code,SyntheticScanner
FND-000177,APP-0005,Gestion Contrats,preproduction,CVE-2023-44487,pkg:maven/org.hibernate/hibernate-core@8.20.4?instance=22,6.2,0.1874,False,False,High,4.6,P3,Accepted - dead/unreachable code,SyntheticScanner
FND-000178,APP-0005,Gestion Contrats,preproduction,CVE-2026-21401,pkg:maven/io.netty/netty-handler@8.5.2?instance=15,9.3,0.1088,False,False,High,6.5,P2,Accepted - dead/unreachable code,SyntheticScanner
FND-000179,APP-0005,Gestion Contrats,preproduction,CVE-2021-44228,pkg:maven/org.apache.commons/commons-text@5.2.10?instance=29,6.6,0.6274,True,True,High,10,P1,Open,SyntheticScanner
FND-000180,APP-0005,Gestion Contrats,preproduction,CVE-2025-24813,pkg:maven/org.hibernate/hibernate-core@3.10.4?instance=3,8.4,0.3586,False,False,High,6.8,P2,Accepted - dead/unreachable code,SyntheticScanner
FND-000181,APP-0005,Gestion Contrats,preproduction,CVE-2026-21401,pkg:maven/org.hibernate/hibernate-core@5.2.10?instance=55,4.6,0.4224,False,False,High,3.8,P3,Accepted - dead/unreachable code,SyntheticScanner
FND-000182,APP-0005,Gestion Contrats,preproduction,CVE-2024-21626,pkg:maven/org.postgresql/postgresql@6.17.0?instance=49,6.5,0.0724,False,True,High,6.7,P2,Open,SyntheticScanner
FND-000183,APP-0005,Gestion Contrats,preproduction,CVE-2025-29927,pkg:maven/org.hibernate/hibernate-core@5.2.10?instance=55,4.7,0.0247,False,False,High,3.1,P3,Accepted - dead/unreachable code,SyntheticScanner
FND-000184,APP-0005,Gestion Contrats,preproduction,CVE-2022-22965,pkg:maven/org.apache.logging.log4j/log4j-core@2.9.8?instance=68,4.3,0.6377,True,True,High,7.6,P1,Open,SyntheticScanner
FND-000185,APP-0005,Gestion Contrats,preproduction,CVE-2025-24813,pkg:maven/org.postgresql/postgresql@4.13.6?instance=58,4.8,0.2578,True,True,High,7.0,P2,Open,SyntheticScanner
FND-000186,APP-0005,Gestion Contrats,preproduction,CVE-2025-24813,pkg:maven/io.netty/netty-handler@6.14.7?instance=8,6.9,0.0043,False,False,High,4.5,P3,Accepted - dead/unreachable code,SyntheticScanner
FND-000187,APP-0005,Gestion Contrats,preproduction,CVE-2025-24813,pkg:maven/org.postgresql/postgresql@3.7.10?instance=25,5.4,0.597,False,False,High,4.9,P3,Accepted - dead/unreachable code,SyntheticScanner
FND-000188,APP-0006,CRM Conseillers,production,CVE-2021-44228,pkg:pypi/jinja2@4.4.0?instance=49,4.4,0.3414,False,True,Medium,4.7,P3,Open,SyntheticScanner
FND-000189,APP-0006,CRM Conseillers,production,CVE-2023-38545,pkg:pypi/flask@2.19.3?instance=59,6.8,0.6598,False,True,Medium,8.5,P1,Open,SyntheticScanner
FND-000190,APP-0006,CRM Conseillers,production,CVE-2024-3094,pkg:pypi/urllib3@2.7.12?instance=2,8.6,0.0603,False,True,Medium,7.8,P1,Open,SyntheticScanner
FND-000191,APP-0006,CRM Conseillers,production,CVE-2025-29927,pkg:pypi/cryptography@6.0.9?instance=58,5.9,0.1832,False,True,Medium,5.8,P2,Open,SyntheticScanner
FND-000192,APP-0006,CRM Conseillers,production,CVE-2023-44487,pkg:pypi/numpy@4.5.9?instance=15,8.0,0.1181,False,True,Medium,7.5,P1,Open,SyntheticScanner
FND-000193,APP-0006,CRM Conseillers,production,CVE-2025-29927,pkg:pypi/jinja2@8.19.7?instance=25,7.2,0.1746,False,False,Medium,4.7,P3,Accepted - dead/unreachable code,SyntheticScanner
FND-000194,APP-0006,CRM Conseillers,production,CVE-2023-38545,pkg:pypi/jinja2@9.11.1?instance=31,8.5,0.0689,False,True,Medium,7.8,P1,Open,SyntheticScanner
FND-000195,APP-0006,CRM Conseillers,production,CVE-2025-29927,pkg:pypi/urllib3@9.6.6?instance=11,4.8,0.1895,False,False,Medium,3.2,P3,Accepted - dead/unreachable code,SyntheticScanner
FND-000196,APP-0006,CRM Conseillers,production,CVE-2022-22965,pkg:pypi/urllib3@8.10.2?instance=54,6.1,0.6488,False,False,Medium,5.1,P2,Accepted - dead/unreachable code,SyntheticScanner
FND-000197,APP-0006,CRM Conseillers,production,CVE-2025-29927,pkg:pypi/django@1.19.11?instance=29,9.7,0.3849,False,True,Medium,10,P1,Open,SyntheticScanner
FND-000198,APP-0006,CRM Conseillers,production,CVE-2024-3094,pkg:pypi/pyyaml@1.1.6?instance=23,4.6,0.18,False,False,Medium,3.0,P3,Accepted - dead/unreachable code,SyntheticScanner
FND-000199,APP-0006,CRM Conseillers,production,CVE-2021-44228,pkg:pypi/numpy@8.11.4?instance=47,4.2,0.2559,False,False,Medium,2.9,P3,Accepted - dead/unreachable code,SyntheticScanner
FND-000200,APP-0006,CRM Conseillers,production,CVE-2025-29927,pkg:pypi/urllib3@6.8.0?instance=41,5.6,0.4683,False,True,Medium,6.4,P2,Open,SyntheticScanner
FND-000201,APP-0006,CRM Conseillers,production,CVE-2025-29927,pkg:pypi/flask@1.13.3?instance=28,7.2,0.2642,False,True,Medium,7.4,P2,Open,SyntheticScanner
FND-000202,APP-0006,CRM Conseillers,production,CVE-2025-29927,pkg:pypi/jinja2@9.11.1?instance=31,7.1,0.0297,False,False,Medium,4.2,P3,Accepted - dead/unreachable code,SyntheticScanner
FND-000203,APP-0006,CRM Conseillers,production,CVE-2024-3094,pkg:pypi/django@6.18.1?instance=0,7.2,0.1193,False,True,Medium,6.8,P2,Open,SyntheticScanner
FND-000204,APP-0006,CRM Conseillers,production,CVE-2025-24813,pkg:pypi/cryptography@9.6.1?instance=38,6.0,0.21,False,True,Medium,6.0,P2,Open,SyntheticScanner
FND-000205,APP-0006,CRM Conseillers,production,CVE-2025-32463,pkg:pypi/urllib3@8.12.8?instance=57,9.8,0.1302,False,False,Medium,6.2,P2,Accepted - dead/unreachable code,SyntheticScanner
FND-000206,APP-0006,CRM Conseillers,production,CVE-2021-44228,pkg:pypi/numpy@2.18.9?instance=12,4.7,0.093,False,True,Medium,4.4,P3,Open,SyntheticScanner
FND-000207,APP-0006,CRM Conseillers,production,CVE-2021-44228,pkg:pypi/jinja2@9.5.6?instance=51,5.6,0.0664,False,True,Medium,5.1,P2,Open,SyntheticScanner
FND-000208,APP-0006,CRM Conseillers,preproduction,CVE-2025-29927,pkg:pypi/numpy@5.1.0?instance=9,7.4,0.2131,False,False,Medium,4.9,P3,Accepted - dead/unreachable code,SyntheticScanner
FND-000209,APP-0006,CRM Conseillers,preproduction,CVE-2025-32463,pkg:pypi/cryptography@4.12.10?instance=17,5.4,0.0593,False,True,Medium,4.9,P3,Open,SyntheticScanner
FND-000210,APP-0006,CRM Conseillers,preproduction,CVE-2024-3094,pkg:pypi/django@1.1.7?instance=53,4.8,0.1124,False,True,Medium,4.5,P3,Open,SyntheticScanner
FND-000211,APP-0006,CRM Conseillers,preproduction,CVE-2025-32463,pkg:pypi/flask@8.12.2?instance=47,6.4,0.2652,False,True,Medium,6.6,P2,Open,SyntheticScanner
FND-000212,APP-0006,CRM Conseillers,preproduction,CVE-2025-24813,pkg:pypi/cryptography@3.9.12?instance=8,5.2,0.1834,False,False,Medium,3.4,P3,Accepted - dead/unreachable code,SyntheticScanner
FND-000213,APP-0006,CRM Conseillers,preproduction,CVE-2023-38545,pkg:pypi/flask@4.13.0?instance=46,5.3,0.0779,False,False,Medium,3.3,P3,Accepted - dead/unreachable code,SyntheticScanner
FND-000214,APP-0006,CRM Conseillers,preproduction,CVE-2026-21401,pkg:pypi/urllib3@1.17.8?instance=44,4.5,0.0773,False,False,Medium,2.8,P3,Accepted - dead/unreachable code,SyntheticScanner
FND-000215,APP-0006,CRM Conseillers,preproduction,CVE-2025-29927,pkg:pypi/flask@5.4.9?instance=51,6.8,0.2568,False,False,Medium,4.7,P3,Accepted - dead/unreachable code,SyntheticScanner
FND-000216,APP-0006,CRM Conseillers,preproduction,CVE-2025-32463,pkg:pypi/pyyaml@1.4.0?instance=13,5.7,0.2858,False,False,Medium,4.0,P3,Accepted - dead/unreachable code,SyntheticScanner
FND-000217,APP-0006,CRM Conseillers,preproduction,CVE-2023-38545,pkg:pypi/requests@2.7.6?instance=21,7.1,0.1199,False,True,Medium,6.7,P2,Open,SyntheticScanner
FND-000218,APP-0006,CRM Conseillers,preproduction,CVE-2025-29927,pkg:pypi/pyyaml@7.14.10?instance=5,9.2,0.5864,False,True,Medium,10,P1,Open,SyntheticScanner
FND-000219,APP-0006,CRM Conseillers,preproduction,CVE-2021-44228,pkg:pypi/flask@6.6.0?instance=4,6.7,0.3649,False,False,Medium,4.9,P3,Accepted - dead/unreachable code,SyntheticScanner
FND-000220,APP-0007,Facturation,production,CVE-2023-44487,pkg:golang/golang.org/x/crypto@3.11.8?instance=2,4.1,0.0122,True,True,High,5.2,P2,Open,SyntheticScanner
FND-000221,APP-0007,Facturation,production,CVE-2023-44487,pkg:golang/github.com/gin-gonic/gin@2.0.6?instance=77,6.6,0.0366,False,True,High,6.6,P2,Open,SyntheticScanner
FND-000222,APP-0007,Facturation,production,CVE-2023-44487,pkg:golang/golang.org/x/crypto@4.17.3?instance=63,6.5,0.0697,False,False,High,4.5,P3,Accepted - dead/unreachable code,SyntheticScanner
FND-000223,APP-0007,Facturation,production,CVE-2024-21626,pkg:golang/github.com/spf13/viper@7.10.12?instance=31,4.7,0.2341,False,True,High,5.3,P2,Open,SyntheticScanner
FND-000224,APP-0007,Facturation,production,CVE-2025-24813,pkg:golang/google.golang.org/grpc@7.18.7?instance=64,6.3,0.092,False,False,High,4.4,P3,Accepted - dead/unreachable code,SyntheticScanner
FND-000225,APP-0007,Facturation,production,CVE-2021-44228,pkg:golang/github.com/go-sql-driver/mysql@6.2.5?instance=38,4.6,0.0279,False,False,High,3.1,P3,Accepted - dead/unreachable code,SyntheticScanner
FND-000226,APP-0007,Facturation,production,CVE-2025-32463,pkg:golang/github.com/go-sql-driver/mysql@6.2.5?instance=38,7.2,0.0587,True,True,High,9.4,P1,Open,SyntheticScanner
FND-000227,APP-0007,Facturation,production,CVE-2023-38545,pkg:golang/golang.org/x/crypto@5.4.2?instance=12,5.1,0.1098,True,True,High,6.9,P2,Open,SyntheticScanner
FND-000228,APP-0007,Facturation,production,CVE-2024-3094,pkg:golang/github.com/go-sql-driver/mysql@3.11.7?instance=75,9.2,0.1562,False,False,High,6.7,P2,Accepted - dead/unreachable code,SyntheticScanner
FND-000229,APP-0007,Facturation,production,CVE-2024-21626,pkg:golang/github.com/prometheus/client_golang@3.6.5?instance=23,8.6,0.7033,True,True,High,10,P1,Open,SyntheticScanner
FND-000230,APP-0007,Facturation,production,CVE-2023-38545,pkg:golang/go.uber.org/zap@3.4.2?instance=49,8.2,0.2604,False,False,High,6.3,P2,Accepted - dead/unreachable code,SyntheticScanner
FND-000231,APP-0007,Facturation,production,CVE-2025-32463,pkg:golang/github.com/gin-gonic/gin@9.15.10?instance=50,4.7,0.2969,True,True,High,7.0,P2,Open,SyntheticScanner
FND-000232,APP-0007,Facturation,production,CVE-2023-44487,pkg:golang/github.com/prometheus/client_golang@3.5.3?instance=48,5.6,0.0676,False,False,High,3.8,P3,Accepted - dead/unreachable code,SyntheticScanner
FND-000233,APP-0007,Facturation,production,CVE-2025-29927,pkg:golang/github.com/gin-gonic/gin@7.3.1?instance=21,6.0,0.1703,False,False,High,4.4,P3,Accepted - dead/unreachable code,SyntheticScanner
FND-000234,APP-0007,Facturation,production,CVE-2023-44487,pkg:golang/google.golang.org/grpc@7.18.7?instance=64,5.1,0.6144,False,True,High,7.0,P2,Open,SyntheticScanner
FND-000235,APP-0007,Facturation,production,CVE-2021-44228,pkg:golang/github.com/spf13/viper@8.7.12?instance=72,4.9,0.1047,True,True,High,6.6,P2,Open,SyntheticScanner
FND-000236,APP-0007,Facturation,production,CVE-2022-22965,pkg:golang/go.uber.org/zap@9.11.1?instance=1,7.5,0.7291,True,True,High,10,P1,Open,SyntheticScanner
FND-000237,APP-0007,Facturation,production,CVE-2025-29927,pkg:golang/github.com/go-sql-driver/mysql@4.15.11?instance=42,8.7,0.4117,False,False,High,7.2,P2,Accepted - dead/unreachable code,SyntheticScanner
FND-000238,APP-0007,Facturation,production,CVE-2021-44228,pkg:golang/github.com/prometheus/client_golang@1.5.4?instance=4,5.0,0.0556,True,True,High,6.5,P2,Open,SyntheticScanner
FND-000239,APP-0007,Facturation,production,CVE-2021-44228,pkg:golang/golang.org/x/crypto@9.16.10?instance=80,4.6,0.0897,False,True,High,4.8,P3,Open,SyntheticScanner
FND-000240,APP-0007,Facturation,production,CVE-2023-38545,pkg:golang/github.com/prometheus/client_golang@8.12.1?instance=34,4.6,0.418,True,True,High,7.4,P2,Open,SyntheticScanner
FND-000241,APP-0007,Facturation,production,CVE-2024-3094,pkg:golang/golang.org/x/crypto@5.4.2?instance=12,5.0,0.3208,True,True,High,7.6,P1,Open,SyntheticScanner
FND-000242,APP-0007,Facturation,production,CVE-2026-21401,pkg:golang/github.com/prometheus/client_golang@4.16.5?instance=37,4.9,0.257,True,True,High,7.2,P2,Open,SyntheticScanner
FND-000243,APP-0007,Facturation,production,CVE-2025-29927,pkg:golang/github.com/spf13/viper@3.16.2?instance=27,6.8,0.1227,False,False,High,4.8,P3,Accepted - dead/unreachable code,SyntheticScanner
FND-000244,APP-0007,Facturation,production,CVE-2024-3094,pkg:golang/golang.org/x/crypto@2.11.0?instance=43,9.0,0.3387,False,True,High,10,P1,Open,SyntheticScanner
FND-000245,APP-0007,Facturation,preproduction,CVE-2025-29927,pkg:golang/github.com/gorilla/mux@8.17.2?instance=24,7.9,0.0791,True,True,High,10,P1,Open,SyntheticScanner
FND-000246,APP-0007,Facturation,preproduction,CVE-2026-21401,pkg:golang/github.com/gin-gonic/gin@2.7.11?instance=17,4.3,0.1318,False,False,High,3.1,P3,Accepted - dead/unreachable code,SyntheticScanner
FND-000247,APP-0007,Facturation,preproduction,CVE-2021-44228,pkg:golang/github.com/spf13/viper@4.2.12?instance=22,4.7,0.152,True,True,High,6.5,P2,Open,SyntheticScanner
FND-000248,APP-0007,Facturation,preproduction,CVE-2024-21626,pkg:golang/github.com/spf13/viper@4.2.12?instance=22,9.0,0.6209,False,True,High,10,P1,Open,SyntheticScanner
FND-000249,APP-0007,Facturation,preproduction,CVE-2025-24813,pkg:golang/github.com/prometheus/client_golang@6.5.9?instance=44,4.7,0.0233,False,False,High,3.1,P3,Accepted - dead/unreachable code,SyntheticScanner
FND-000250,APP-0007,Facturation,preproduction,CVE-2025-32463,pkg:golang/go.uber.org/zap@5.2.6?instance=34,7.3,0.3161,True,True,High,10,P1,Open,SyntheticScanner
FND-000251,APP-0007,Facturation,preproduction,CVE-2024-3094,pkg:golang/go.uber.org/zap@5.20.11?instance=60,5.5,0.6896,False,False,High,5.2,P2,Accepted - dead/unreachable code,SyntheticScanner
FND-000252,APP-0007,Facturation,preproduction,CVE-2024-3094,pkg:golang/github.com/gin-gonic/gin@6.13.1?instance=15,4.0,0.209,True,True,High,5.7,P2,Open,SyntheticScanner
FND-000253,APP-0007,Facturation,preproduction,CVE-2022-22965,pkg:golang/go.uber.org/zap@3.3.12?instance=25,4.5,0.2594,False,False,High,3.5,P3,Accepted - dead/unreachable code,SyntheticScanner
FND-000254,APP-0007,Facturation,preproduction,CVE-2021-44228,pkg:golang/go.uber.org/zap@2.7.4?instance=53,5.5,0.1844,False,False,High,4.0,P3,Accepted - dead/unreachable code,SyntheticScanner
FND-000255,APP-0007,Facturation,preproduction,CVE-2024-21626,pkg:golang/google.golang.org/grpc@6.3.3?instance=56,4.8,0.3171,False,False,High,3.8,P3,Accepted - dead/unreachable code,SyntheticScanner
FND-000256,APP-0007,Facturation,preproduction,CVE-2024-21626,pkg:golang/github.com/prometheus/client_golang@6.1.4?instance=19,4.0,0.0832,True,True,High,5.3,P2,Open,SyntheticScanner
FND-000257,APP-0007,Facturation,preproduction,CVE-2025-29927,pkg:golang/github.com/gin-gonic/gin@3.18.1?instance=28,5.0,0.0351,False,False,High,3.4,P3,Accepted - dead/unreachable code,SyntheticScanner
FND-000258,APP-0007,Facturation,preproduction,CVE-2022-22965,pkg:golang/github.com/spf13/viper@9.1.0?instance=36,6.2,0.0141,False,False,High,4.1,P3,Accepted - dead/unreachable code,SyntheticScanner
FND-000259,APP-0007,Facturation,preproduction,CVE-2022-22965,pkg:golang/github.com/spf13/viper@4.2.12?instance=22,5.4,0.0604,False,True,High,5.5,P2,Open,SyntheticScanner
FND-000260,APP-0007,Facturation,preproduction,CVE-2022-22965,pkg:golang/github.com/spf13/viper@6.14.4?instance=48,6.4,0.0304,False,False,High,4.3,P3,Accepted - dead/unreachable code,SyntheticScanner
FND-000261,APP-0007,Facturation,preproduction,CVE-2022-22965,pkg:golang/github.com/gorilla/mux@2.3.2?instance=18,4.0,0.9013,False,False,High,4.2,P3,Accepted - dead/unreachable code,SyntheticScanner
FND-000262,APP-0007,Facturation,preproduction,CVE-2023-44487,pkg:golang/go.uber.org/zap@3.11.11?instance=55,6.0,0.1607,False,False,High,4.4,P3,Accepted - dead/unreachable code,SyntheticScanner
FND-000263,APP-0008,Data Hub,production,CVE-2023-38545,pkg:maven/org.apache.commons/commons-text@1.12.9?instance=58,7.6,0.492,False,False,High,6.6,P2,Accepted - dead/unreachable code,SyntheticScanner
FND-000264,APP-0008,Data Hub,production,CVE-2023-44487,pkg:maven/org.apache.logging.log4j/log4j-core@6.3.4?instance=1,6.5,0.2885,False,True,High,7.6,P1,Open,SyntheticScanner
FND-000265,APP-0008,Data Hub,production,CVE-2026-21401,pkg:maven/io.netty/netty-handler@7.4.6?instance=10,4.4,0.1136,False,True,High,4.6,P3,Open,SyntheticScanner
FND-000266,APP-0008,Data Hub,production,CVE-2022-22965,pkg:maven/io.netty/netty-handler@9.20.5?instance=32,5.5,0.412,False,True,High,6.8,P2,Open,SyntheticScanner
FND-000267,APP-0008,Data Hub,production,CVE-2022-22965,pkg:maven/com.fasterxml.jackson.core/jackson-databind@6.2.10?instance=45,7.2,0.1679,False,False,High,5.2,P2,Accepted - dead/unreachable code,SyntheticScanner
FND-000268,APP-0008,Data Hub,production,CVE-2021-44228,pkg:maven/org.springframework/spring-core@5.12.12?instance=18,8.1,0.5164,False,True,High,10,P1,Open,SyntheticScanner
FND-000269,APP-0008,Data Hub,production,CVE-2021-44228,pkg:maven/org.postgresql/postgresql@5.13.1?instance=34,4.3,0.1033,False,True,High,4.5,P3,Open,SyntheticScanner
FND-000270,APP-0008,Data Hub,production,CVE-2024-21626,pkg:maven/org.apache.commons/commons-text@9.3.4?instance=67,5.5,0.0188,False,True,High,5.5,P2,Open,SyntheticScanner
FND-000271,APP-0008,Data Hub,production,CVE-2023-38545,pkg:maven/com.fasterxml.jackson.core/jackson-databind@2.20.9?instance=24,4.9,0.1294,False,False,High,3.5,P3,Accepted - dead/unreachable code,SyntheticScanner
FND-000272,APP-0008,Data Hub,production,CVE-2023-38545,pkg:maven/org.apache.logging.log4j/log4j-core@5.14.0?instance=60,6.8,0.2689,False,False,High,5.2,P2,Accepted - dead/unreachable code,SyntheticScanner
FND-000273,APP-0008,Data Hub,production,CVE-2025-32463,pkg:maven/org.hibernate/hibernate-core@6.4.7?instance=41,7.3,0.3876,False,False,High,6.0,P2,Accepted - dead/unreachable code,SyntheticScanner
FND-000274,APP-0008,Data Hub,production,CVE-2023-38545,pkg:maven/com.fasterxml.jackson.core/jackson-databind@4.11.9?instance=2,5.6,0.073,False,True,High,5.8,P2,Open,SyntheticScanner
FND-000275,APP-0008,Data Hub,production,CVE-2024-21626,pkg:maven/org.apache.logging.log4j/log4j-core@3.4.7?instance=19,9.8,0.4379,False,True,High,10,P1,Open,SyntheticScanner
FND-000276,APP-0008,Data Hub,production,CVE-2021-44228,pkg:maven/io.netty/netty-handler@7.14.4?instance=0,6.1,0.2655,False,True,High,7.0,P2,Open,SyntheticScanner
FND-000277,APP-0008,Data Hub,production,CVE-2025-29927,pkg:maven/com.fasterxml.jackson.core/jackson-databind@4.11.9?instance=2,6.6,0.1446,False,True,High,7.1,P2,Open,SyntheticScanner
FND-000278,APP-0008,Data Hub,production,CVE-2021-44228,pkg:maven/org.apache.logging.log4j/log4j-core@5.0.10?instance=4,9.1,0.0797,False,True,High,9.4,P1,Open,SyntheticScanner
FND-000279,APP-0008,Data Hub,production,CVE-2025-29927,pkg:maven/org.yaml/snakeyaml@6.7.7?instance=42,6.4,0.3118,False,False,High,5.1,P2,Accepted - dead/unreachable code,SyntheticScanner
FND-000280,APP-0008,Data Hub,production,CVE-2023-38545,pkg:maven/com.fasterxml.jackson.core/jackson-databind@6.11.2?instance=73,8.7,0.227,False,True,High,9.8,P1,Open,SyntheticScanner
FND-000281,APP-0008,Data Hub,production,CVE-2021-44228,pkg:maven/com.fasterxml.jackson.core/jackson-databind@6.19.10?instance=44,9.4,0.3146,False,True,High,10,P1,Open,SyntheticScanner
FND-000282,APP-0008,Data Hub,production,CVE-2023-44487,pkg:maven/org.hibernate/hibernate-core@3.17.12?instance=5,7.1,0.5642,False,True,High,9.5,P1,Open,SyntheticScanner
FND-000283,APP-0008,Data Hub,production,CVE-2022-22965,pkg:maven/org.apache.logging.log4j/log4j-core@2.12.7?instance=29,8.7,0.4444,False,True,High,10,P1,Open,SyntheticScanner
FND-000284,APP-0008,Data Hub,production,CVE-2023-38545,pkg:maven/org.apache.logging.log4j/log4j-core@5.0.10?instance=4,7.7,0.0317,False,True,High,7.7,P1,Open,SyntheticScanner
FND-000285,APP-0008,Data Hub,production,CVE-2021-44228,pkg:maven/org.apache.logging.log4j/log4j-core@8.3.5?instance=43,4.4,0.5096,False,False,High,3.8,P3,Accepted - dead/unreachable code,SyntheticScanner
FND-000286,APP-0008,Data Hub,preproduction,CVE-2025-32463,pkg:maven/org.yaml/snakeyaml@1.7.0?instance=20,5.3,0.8015,False,False,High,5.3,P2,Accepted - dead/unreachable code,SyntheticScanner
FND-000287,APP-0008,Data Hub,preproduction,CVE-2025-24813,pkg:maven/com.fasterxml.jackson.core/jackson-databind@9.3.2?instance=58,4.7,0.1409,False,False,High,3.4,P3,Accepted - dead/unreachable code,SyntheticScanner
FND-000288,APP-0008,Data Hub,preproduction,CVE-2025-24813,pkg:maven/org.yaml/snakeyaml@4.8.4?instance=22,6.2,0.7262,False,False,High,6.0,P2,Accepted - dead/unreachable code,SyntheticScanner
FND-000289,APP-0008,Data Hub,preproduction,CVE-2024-3094,pkg:maven/org.apache.logging.log4j/log4j-core@9.18.5?instance=5,6.5,0.2548,False,True,High,7.4,P2,Open,SyntheticScanner
FND-000290,APP-0008,Data Hub,preproduction,CVE-2023-38545,pkg:maven/io.netty/netty-handler@6.15.5?instance=44,8.9,0.2475,False,True,High,10,P1,Open,SyntheticScanner
FND-000291,APP-0008,Data Hub,preproduction,CVE-2025-29927,pkg:maven/org.yaml/snakeyaml@9.5.12?instance=50,6.6,0.0967,False,True,High,6.9,P2,Open,SyntheticScanner
FND-000292,APP-0008,Data Hub,preproduction,CVE-2025-29927,pkg:maven/org.postgresql/postgresql@5.7.6?instance=21,4.6,0.1683,False,False,High,3.4,P3,Accepted - dead/unreachable code,SyntheticScanner
FND-000293,APP-0008,Data Hub,preproduction,CVE-2023-44487,pkg:maven/org.hibernate/hibernate-core@2.5.0?instance=60,9.6,0.2936,False,False,High,7.5,P1,Accepted - dead/unreachable code,SyntheticScanner
FND-000294,APP-0008,Data Hub,preproduction,CVE-2025-24813,pkg:maven/org.postgresql/postgresql@1.16.12?instance=72,7.6,0.336,False,True,High,9.1,P1,Open,SyntheticScanner
FND-000295,APP-0008,Data Hub,preproduction,CVE-2024-21626,pkg:maven/org.yaml/snakeyaml@9.5.12?instance=50,4.9,0.3344,False,False,High,3.9,P3,Accepted - dead/unreachable code,SyntheticScanner
FND-000296,APP-0009,IAM Gateway,production,CVE-2024-3094,pkg:pypi/numpy@1.11.7?instance=30,4.9,0.0258,False,True,Critical,5.5,P2,Open,SyntheticScanner
FND-000297,APP-0009,IAM Gateway,production,CVE-2025-32463,pkg:pypi/jinja2@3.9.10?instance=18,7.2,0.2516,False,True,Critical,9.2,P1,Open,SyntheticScanner
FND-000298,APP-0009,IAM Gateway,production,CVE-2024-3094,pkg:pypi/urllib3@4.4.1?instance=6,5.0,0.3948,False,False,Critical,4.6,P3,Accepted - dead/unreachable code,SyntheticScanner
FND-000299,APP-0009,IAM Gateway,production,CVE-2023-44487,pkg:pypi/numpy@4.2.4?instance=61,8.3,0.6016,False,True,Critical,10,P1,Open,SyntheticScanner
FND-000300,APP-0009,IAM Gateway,production,CVE-2025-29927,pkg:pypi/flask@4.5.11?instance=47,5.4,0.4338,False,True,Critical,7.6,P1,Open,SyntheticScanner
FND-000301,APP-0009,IAM Gateway,production,CVE-2024-21626,pkg:pypi/jinja2@1.5.6?instance=4,5.6,0.2933,False,True,Critical,7.3,P2,Open,SyntheticScanner
FND-000302,APP-0009,IAM Gateway,production,CVE-2023-44487,pkg:pypi/requests@5.20.12?instance=37,9.9,0.059,False,False,Critical,7.5,P1,Accepted - dead/unreachable code,SyntheticScanner
FND-000303,APP-0009,IAM Gateway,production,CVE-2024-21626,pkg:pypi/jinja2@4.12.4?instance=40,8.7,0.0203,False,False,Critical,6.5,P2,Accepted - dead/unreachable code,SyntheticScanner
FND-000304,APP-0009,IAM Gateway,production,CVE-2021-44228,pkg:pypi/django@6.0.9?instance=56,4.4,0.1009,False,True,Critical,5.1,P2,Open,SyntheticScanner
FND-000305,APP-0009,IAM Gateway,production,CVE-2024-3094,pkg:pypi/numpy@7.7.0?instance=9,8.8,0.2022,False,True,Critical,10,P1,Open,SyntheticScanner
FND-000306,APP-0009,IAM Gateway,production,CVE-2025-24813,pkg:pypi/jinja2@3.15.6?instance=62,6.9,0.4823,False,True,Critical,9.9,P1,Open,SyntheticScanner
FND-000307,APP-0009,IAM Gateway,production,CVE-2022-22965,pkg:pypi/numpy@4.2.3?instance=59,8.8,0.2966,False,False,Critical,7.7,P1,Accepted - dead/unreachable code,SyntheticScanner
FND-000308,APP-0009,IAM Gateway,production,CVE-2023-44487,pkg:pypi/flask@5.2.12?instance=66,5.5,0.5299,False,True,Critical,8.1,P1,Open,SyntheticScanner
FND-000309,APP-0009,IAM Gateway,production,CVE-2025-24813,pkg:pypi/cryptography@2.20.7?instance=68,9.5,0.2828,False,False,Critical,8.2,P1,Accepted - dead/unreachable code,SyntheticScanner
FND-000310,APP-0009,IAM Gateway,production,CVE-2025-24813,pkg:pypi/cryptography@4.8.6?instance=54,6.5,0.3834,False,True,Critical,8.9,P1,Open,SyntheticScanner
FND-000311,APP-0009,IAM Gateway,production,CVE-2023-38545,pkg:pypi/flask@8.16.3?instance=55,5.1,0.3607,False,True,Critical,6.9,P2,Open,SyntheticScanner
FND-000312,APP-0009,IAM Gateway,production,CVE-2024-21626,pkg:pypi/requests@5.20.0?instance=71,9.4,0.206,False,True,Critical,10,P1,Open,SyntheticScanner
FND-000313,APP-0009,IAM Gateway,production,CVE-2023-44487,pkg:pypi/requests@6.16.3?instance=17,5.5,0.0992,False,True,Critical,6.4,P2,Open,SyntheticScanner
FND-000314,APP-0009,IAM Gateway,production,CVE-2025-29927,pkg:pypi/requests@5.20.12?instance=37,5.8,0.5244,False,True,Critical,8.5,P1,Open,SyntheticScanner
FND-000315,APP-0009,IAM Gateway,production,CVE-2025-29927,pkg:pypi/django@7.1.8?instance=43,6.5,0.0623,False,False,Critical,5.0,P2,Accepted - dead/unreachable code,SyntheticScanner
FND-000316,APP-0009,IAM Gateway,production,CVE-2024-21626,pkg:pypi/jinja2@6.11.7?instance=33,7.2,0.0201,False,False,Critical,5.3,P2,Accepted - dead/unreachable code,SyntheticScanner
FND-000317,APP-0009,IAM Gateway,production,CVE-2025-29927,pkg:pypi/pyyaml@4.9.7?instance=15,4.6,0.0173,False,True,Critical,5.1,P2,Open,SyntheticScanner
FND-000318,APP-0009,IAM Gateway,production,CVE-2022-22965,pkg:pypi/django@6.7.10?instance=50,9.7,0.6785,False,True,Critical,10,P1,Open,SyntheticScanner
FND-000319,APP-0009,IAM Gateway,preproduction,CVE-2021-44228,pkg:pypi/flask@4.1.6?instance=31,4.8,0.1228,False,True,Critical,5.7,P2,Open,SyntheticScanner
FND-000320,APP-0009,IAM Gateway,preproduction,CVE-2025-24813,pkg:pypi/pyyaml@7.8.6?instance=28,7.9,0.243,False,False,Critical,6.7,P2,Accepted - dead/unreachable code,SyntheticScanner
FND-000321,APP-0009,IAM Gateway,preproduction,CVE-2023-44487,pkg:pypi/flask@4.1.6?instance=31,7.8,0.0732,False,False,Critical,6.0,P2,Accepted - dead/unreachable code,SyntheticScanner
FND-000322,APP-0009,IAM Gateway,preproduction,CVE-2021-44228,pkg:pypi/urllib3@1.3.7?instance=67,7.0,0.3216,False,False,Critical,6.2,P2,Accepted - dead/unreachable code,SyntheticScanner
FND-000323,APP-0009,IAM Gateway,preproduction,CVE-2023-38545,pkg:pypi/numpy@6.16.10?instance=41,5.2,0.0022,False,False,Critical,3.8,P3,Accepted - dead/unreachable code,SyntheticScanner
FND-000324,APP-0009,IAM Gateway,preproduction,CVE-2025-24813,pkg:pypi/pyyaml@3.9.2?instance=27,8.3,0.1946,False,False,Critical,6.9,P2,Accepted - dead/unreachable code,SyntheticScanner
FND-000325,APP-0009,IAM Gateway,preproduction,CVE-2023-38545,pkg:pypi/pyyaml@3.9.2?instance=27,5.8,0.4196,False,True,Critical,8.1,P1,Open,SyntheticScanner
FND-000326,APP-0009,IAM Gateway,preproduction,CVE-2023-38545,pkg:pypi/numpy@7.6.5?instance=25,9.2,0.1254,False,False,Critical,7.3,P2,Accepted - dead/unreachable code,SyntheticScanner
FND-000327,APP-0009,IAM Gateway,preproduction,CVE-2025-24813,pkg:pypi/numpy@6.16.10?instance=41,7.8,0.1848,False,True,Critical,9.6,P1,Open,SyntheticScanner
FND-000328,APP-0009,IAM Gateway,preproduction,CVE-2022-22965,pkg:pypi/urllib3@7.7.4?instance=58,9.0,0.2744,False,True,Critical,10,P1,Open,SyntheticScanner
FND-000329,APP-0009,IAM Gateway,preproduction,CVE-2025-24813,pkg:pypi/numpy@6.2.1?instance=15,9.8,0.2272,False,False,Critical,8.2,P1,Accepted - dead/unreachable code,SyntheticScanner
FND-000330,APP-0009,IAM Gateway,preproduction,CVE-2024-21626,pkg:pypi/flask@2.8.1?instance=2,9.8,0.0733,False,False,Critical,7.5,P1,Accepted - dead/unreachable code,SyntheticScanner
FND-000331,APP-0009,IAM Gateway,preproduction,CVE-2025-32463,pkg:pypi/pyyaml@3.9.2?instance=27,7.9,0.7536,False,False,Critical,8.6,P1,Accepted - dead/unreachable code,SyntheticScanner
FND-000332,APP-0009,IAM Gateway,preproduction,CVE-2024-21626,pkg:pypi/cryptography@9.18.11?instance=24,6.4,0.0993,False,False,Critical,5.0,P2,Accepted - dead/unreachable code,SyntheticScanner
FND-000333,APP-0009,IAM Gateway,preproduction,CVE-2021-44228,pkg:pypi/pyyaml@5.18.7?instance=35,9.8,0.099,False,True,Critical,10,P1,Open,SyntheticScanner
FND-000334,APP-0009,IAM Gateway,preproduction,CVE-2025-24813,pkg:pypi/cryptography@9.18.11?instance=24,8.2,0.0748,False,False,Critical,6.3,P2,Accepted - dead/unreachable code,SyntheticScanner
FND-000335,APP-0009,IAM Gateway,preproduction,CVE-2022-22965,pkg:pypi/pyyaml@6.1.0?instance=43,4.4,0.1978,False,True,Critical,5.4,P2,Open,SyntheticScanner
FND-000336,APP-0009,IAM Gateway,preproduction,CVE-2021-44228,pkg:pypi/django@5.17.5?instance=13,7.7,0.1982,False,False,Critical,6.4,P2,Accepted - dead/unreachable code,SyntheticScanner
FND-000337,APP-0009,IAM Gateway,preproduction,CVE-2024-3094,pkg:pypi/flask@2.8.1?instance=2,9.3,0.5823,False,False,Critical,9.4,P1,Accepted - dead/unreachable code,SyntheticScanner
FND-000338,APP-0009,IAM Gateway,preproduction,CVE-2024-3094,pkg:pypi/pyyaml@7.8.6?instance=28,5.0,0.1497,False,True,Critical,6.0,P2,Open,SyntheticScanner
FND-000339,APP-0009,IAM Gateway,preproduction,CVE-2023-38545,pkg:pypi/pyyaml@1.8.12?instance=49,8.4,0.0223,False,False,Critical,6.2,P2,Accepted - dead/unreachable code,SyntheticScanner
FND-000340,APP-0010,GED,production,CVE-2025-32463,pkg:maven/org.postgresql/postgresql@5.10.2?instance=31,9.9,0.0675,False,True,Critical,10,P1,Open,SyntheticScanner
FND-000341,APP-0010,GED,production,CVE-2021-44228,pkg:maven/org.springframework/spring-core@5.20.7?instance=55,4.5,0.1121,False,True,Critical,5.3,P2,Open,SyntheticScanner
FND-000342,APP-0010,GED,production,CVE-2025-32463,pkg:maven/org.yaml/snakeyaml@1.2.3?instance=54,6.9,0.4276,False,True,Critical,9.6,P1,Open,SyntheticScanner
FND-000343,APP-0010,GED,production,CVE-2025-32463,pkg:maven/org.springframework/spring-core@1.12.11?instance=77,5.7,0.0875,False,True,Critical,6.6,P2,Open,SyntheticScanner
FND-000344,APP-0010,GED,production,CVE-2022-22965,pkg:maven/org.apache.commons/commons-text@3.12.8?instance=4,4.8,0.0272,False,False,Critical,3.6,P3,Accepted - dead/unreachable code,SyntheticScanner
FND-000345,APP-0010,GED,production,CVE-2025-32463,pkg:maven/org.apache.logging.log4j/log4j-core@2.8.2?instance=49,5.2,0.1872,False,True,Critical,6.4,P2,Open,SyntheticScanner
FND-000346,APP-0010,GED,production,CVE-2025-32463,pkg:maven/org.yaml/snakeyaml@3.14.7?instance=26,5.6,0.2761,False,True,Critical,7.2,P2,Open,SyntheticScanner
FND-000347,APP-0010,GED,production,CVE-2025-24813,pkg:maven/org.hibernate/hibernate-core@1.10.9?instance=64,6.4,0.2308,False,False,Critical,5.4,P2,Accepted - dead/unreachable code,SyntheticScanner
FND-000348,APP-0010,GED,production,CVE-2024-21626,pkg:maven/com.fasterxml.jackson.core/jackson-databind@2.7.6?instance=69,9.7,0.0347,False,True,Critical,10,P1,Open,SyntheticScanner
FND-000349,APP-0010,GED,production,CVE-2025-24813,pkg:maven/org.springframework/spring-core@5.12.8?instance=72,6.6,0.0939,False,True,Critical,7.7,P1,Open,SyntheticScanner
FND-000350,APP-0010,GED,production,CVE-2026-21401,pkg:maven/org.springframework/spring-core@7.0.2?instance=57,9.7,0.1122,False,False,Critical,7.6,P1,Accepted - dead/unreachable code,SyntheticScanner
FND-000351,APP-0010,GED,production,CVE-2023-38545,pkg:maven/io.netty/netty-handler@1.14.5?instance=47,5.2,0.1812,False,False,Critical,4.3,P3,Accepted - dead/unreachable code,SyntheticScanner
FND-000352,APP-0010,GED,production,CVE-2025-24813,pkg:maven/org.postgresql/postgresql@4.8.0?instance=40,9.0,0.3105,False,True,Critical,10,P1,Open,SyntheticScanner
FND-000353,APP-0010,GED,production,CVE-2024-21626,pkg:maven/org.yaml/snakeyaml@4.7.12?instance=32,8.2,0.0735,False,False,Critical,6.3,P2,Accepted - dead/unreachable code,SyntheticScanner
FND-000354,APP-0010,GED,production,CVE-2024-3094,pkg:maven/org.apache.logging.log4j/log4j-core@2.8.2?instance=49,5.9,0.3068,False,True,Critical,7.7,P1,Open,SyntheticScanner
FND-000355,APP-0010,GED,production,CVE-2023-44487,pkg:maven/org.postgresql/postgresql@7.19.10?instance=36,5.8,0.338,False,True,Critical,7.7,P1,Open,SyntheticScanner
FND-000356,APP-0010,GED,production,CVE-2024-21626,pkg:maven/org.postgresql/postgresql@4.8.0?instance=40,5.2,0.1535,False,True,Critical,6.3,P2,Open,SyntheticScanner
FND-000357,APP-0010,GED,production,CVE-2021-44228,pkg:maven/io.netty/netty-handler@7.3.7?instance=46,9.7,0.6052,False,True,Critical,10,P1,Open,SyntheticScanner
FND-000358,APP-0010,GED,production,CVE-2023-38545,pkg:maven/org.yaml/snakeyaml@1.19.4?instance=75,4.4,0.4861,False,True,Critical,6.3,P2,Open,SyntheticScanner
FND-000359,APP-0010,GED,production,CVE-2025-32463,pkg:maven/org.yaml/snakeyaml@2.10.7?instance=27,8.5,0.091,False,True,Critical,9.9,P1,Open,SyntheticScanner
FND-000360,APP-0010,GED,production,CVE-2025-32463,pkg:maven/org.apache.commons/commons-text@7.11.8?instance=52,6.6,0.224,False,False,Critical,5.5,P2,Accepted - dead/unreachable code,SyntheticScanner
FND-000361,APP-0010,GED,production,CVE-2024-3094,pkg:maven/org.hibernate/hibernate-core@5.15.2?instance=60,8.2,0.2968,False,False,Critical,7.2,P2,Accepted - dead/unreachable code,SyntheticScanner
FND-000362,APP-0010,GED,production,CVE-2021-44228,pkg:maven/org.apache.logging.log4j/log4j-core@3.19.1?instance=28,4.4,0.0388,False,True,Critical,4.9,P3,Open,SyntheticScanner
FND-000363,APP-0010,GED,preproduction,CVE-2025-24813,pkg:maven/org.postgresql/postgresql@5.1.5?instance=3,4.4,0.0117,False,True,Critical,4.9,P3,Open,SyntheticScanner
FND-000364,APP-0010,GED,preproduction,CVE-2025-32463,pkg:maven/org.springframework/spring-core@3.2.4?instance=20,6.8,0.4734,False,True,Critical,9.7,P1,Open,SyntheticScanner
FND-000365,APP-0010,GED,preproduction,CVE-2025-32463,pkg:maven/org.yaml/snakeyaml@3.5.2?instance=43,8.1,0.2166,False,False,Critical,6.8,P2,Accepted - dead/unreachable code,SyntheticScanner
FND-000366,APP-0010,GED,preproduction,CVE-2022-22965,pkg:maven/org.yaml/snakeyaml@2.7.5?instance=62,7.0,0.0791,False,True,Critical,8.1,P1,Open,SyntheticScanner
FND-000367,APP-0010,GED,preproduction,CVE-2025-24813,pkg:maven/org.postgresql/postgresql@5.13.6?instance=51,8.4,0.3376,False,True,Critical,10,P1,Open,SyntheticScanner
FND-000368,APP-0010,GED,preproduction,CVE-2024-3094,pkg:maven/org.springframework/spring-core@8.7.7?instance=25,5.1,0.7731,False,False,Critical,5.6,P2,Accepted - dead/unreachable code,SyntheticScanner
FND-000369,APP-0010,GED,preproduction,CVE-2026-21401,pkg:maven/com.fasterxml.jackson.core/jackson-databind@8.20.8?instance=10,9.0,0.0482,False,True,Critical,10,P1,Open,SyntheticScanner
FND-000370,APP-0010,GED,preproduction,CVE-2024-21626,pkg:maven/com.fasterxml.jackson.core/jackson-databind@9.1.2?instance=0,5.2,0.0456,False,True,Critical,5.9,P2,Open,SyntheticScanner
FND-000371,APP-0010,GED,preproduction,CVE-2025-24813,pkg:maven/io.netty/netty-handler@1.20.10?instance=41,6.8,0.4041,False,True,Critical,9.4,P1,Open,SyntheticScanner
FND-000372,APP-0010,GED,preproduction,CVE-2021-44228,pkg:maven/org.yaml/snakeyaml@6.20.0?instance=36,9.3,0.3123,False,True,Critical,10,P1,Open,SyntheticScanner
FND-000373,APP-0010,GED,preproduction,CVE-2026-21401,pkg:maven/com.fasterxml.jackson.core/jackson-databind@8.20.8?instance=10,9.7,0.3573,False,False,Critical,8.8,P1,Accepted - dead/unreachable code,SyntheticScanner
FND-000374,APP-0010,GED,preproduction,CVE-2023-44487,pkg:maven/org.springframework/spring-core@2.5.2?instance=59,8.2,0.1673,False,False,Critical,6.7,P2,Accepted - dead/unreachable code,SyntheticScanner
FND-000375,APP-0010,GED,preproduction,CVE-2024-3094,pkg:maven/org.yaml/snakeyaml@4.10.1?instance=32,6.8,0.2292,False,False,Critical,5.7,P2,Accepted - dead/unreachable code,SyntheticScanner
FND-000376,APP-0010,GED,preproduction,CVE-2023-44487,pkg:maven/io.netty/netty-handler@5.1.6?instance=42,6.5,0.1504,False,False,Critical,5.2,P2,Accepted - dead/unreachable code,SyntheticScanner
FND-000377,APP-0010,GED,preproduction,CVE-2024-21626,pkg:maven/org.springframework/spring-core@6.14.1?instance=52,5.1,0.2182,False,True,Critical,6.4,P2,Open,SyntheticScanner
FND-000378,APP-0010,GED,preproduction,CVE-2025-29927,pkg:maven/org.springframework/spring-core@1.7.10?instance=58,5.6,0.1022,False,True,Critical,6.5,P2,Open,SyntheticScanner
FND-000379,APP-0010,GED,preproduction,CVE-2021-44228,pkg:maven/org.postgresql/postgresql@6.9.3?instance=23,6.8,0.3267,False,True,Critical,9.0,P1,Open,SyntheticScanner
FND-000380,APP-0011,Notification Service,production,CVE-2025-24813,pkg:pypi/flask@9.10.3?instance=59,7.7,0.3989,False,True,High,9.5,P1,Open,SyntheticScanner
FND-000381,APP-0011,Notification Service,production,CVE-2024-21626,pkg:pypi/numpy@8.20.10?instance=36,8.7,0.2685,False,True,High,10,P1,Open,SyntheticScanner
FND-000382,APP-0011,Notification Service,production,CVE-2023-44487,pkg:pypi/pyyaml@2.10.8?instance=26,4.6,0.1677,False,True,High,5.0,P2,Open,SyntheticScanner
FND-000383,APP-0011,Notification Service,production,CVE-2023-44487,pkg:pypi/numpy@1.6.10?instance=61,9.7,0.0909,False,True,High,10,P1,Open,SyntheticScanner
FND-000384,APP-0011,Notification Service,production,CVE-2024-3094,pkg:pypi/requests@9.13.9?instance=14,6.7,0.0088,False,True,High,6.6,P2,Open,SyntheticScanner
FND-000385,APP-0011,Notification Service,production,CVE-2023-38545,pkg:pypi/numpy@5.7.8?instance=69,8.2,0.035,False,False,High,5.5,P2,Accepted - dead/unreachable code,SyntheticScanner
FND-000386,APP-0011,Notification Service,production,CVE-2023-38545,pkg:pypi/jinja2@2.4.7?instance=28,4.3,0.4672,False,False,High,3.7,P3,Accepted - dead/unreachable code,SyntheticScanner
FND-000387,APP-0011,Notification Service,production,CVE-2023-44487,pkg:pypi/jinja2@2.13.0?instance=55,6.8,0.4281,False,True,High,8.5,P1,Open,SyntheticScanner
FND-000388,APP-0011,Notification Service,production,CVE-2023-44487,pkg:pypi/flask@3.4.4?instance=43,7.8,0.1008,False,True,High,8.2,P1,Open,SyntheticScanner
FND-000389,APP-0011,Notification Service,production,CVE-2024-3094,pkg:pypi/urllib3@7.7.7?instance=60,4.1,0.4928,False,True,High,5.3,P2,Open,SyntheticScanner
FND-000390,APP-0011,Notification Service,production,CVE-2025-29927,pkg:pypi/urllib3@4.18.10?instance=3,8.1,0.4562,False,True,High,10,P1,Open,SyntheticScanner
FND-000391,APP-0011,Notification Service,production,CVE-2024-21626,pkg:pypi/requests@5.9.8?instance=52,8.0,0.3381,False,False,High,6.4,P2,Accepted - dead/unreachable code,SyntheticScanner
FND-000392,APP-0011,Notification Service,production,CVE-2023-44487,pkg:pypi/cryptography@9.6.2?instance=22,9.9,0.3716,False,False,High,8.1,P1,Accepted - dead/unreachable code,SyntheticScanner
FND-000393,APP-0011,Notification Service,production,CVE-2024-3094,pkg:pypi/pyyaml@7.0.9?instance=38,4.7,0.0601,False,True,High,4.8,P3,Open,SyntheticScanner
FND-000394,APP-0011,Notification Service,production,CVE-2024-21626,pkg:pypi/numpy@5.7.8?instance=69,5.2,0.1274,False,False,High,3.7,P3,Accepted - dead/unreachable code,SyntheticScanner
FND-000395,APP-0011,Notification Service,production,CVE-2023-44487,pkg:pypi/flask@2.10.4?instance=65,6.4,0.0938,False,False,High,4.5,P3,Accepted - dead/unreachable code,SyntheticScanner
FND-000396,APP-0011,Notification Service,production,CVE-2022-22965,pkg:pypi/jinja2@9.19.4?instance=9,6.5,0.0864,False,False,High,4.5,P3,Accepted - dead/unreachable code,SyntheticScanner
FND-000397,APP-0011,Notification Service,production,CVE-2024-3094,pkg:pypi/jinja2@6.12.4?instance=37,8.1,0.3333,False,True,High,9.7,P1,Open,SyntheticScanner
FND-000398,APP-0011,Notification Service,production,CVE-2025-29927,pkg:pypi/urllib3@7.12.5?instance=46,6.0,0.1245,False,False,High,4.3,P3,Accepted - dead/unreachable code,SyntheticScanner
FND-000399,APP-0011,Notification Service,production,CVE-2022-22965,pkg:pypi/flask@1.2.10?instance=13,8.4,0.1483,False,False,High,6.0,P2,Accepted - dead/unreachable code,SyntheticScanner
FND-000400,APP-0011,Notification Service,production,CVE-2025-32463,pkg:pypi/pyyaml@3.2.9?instance=8,8.7,0.0392,False,False,High,5.9,P2,Accepted - dead/unreachable code,SyntheticScanner
FND-000401,APP-0011,Notification Service,production,CVE-2025-29927,pkg:pypi/jinja2@7.20.0?instance=42,5.6,0.5489,False,True,High,7.4,P2,Open,SyntheticScanner
FND-000402,APP-0011,Notification Service,preproduction,CVE-2021-44228,pkg:pypi/urllib3@3.8.10?instance=37,5.6,0.6105,False,True,High,7.7,P1,Open,SyntheticScanner
FND-000403,APP-0011,Notification Service,preproduction,CVE-2022-22965,pkg:pypi/flask@8.11.12?instance=6,8.1,0.22,False,True,High,9.1,P1,Open,SyntheticScanner
FND-000404,APP-0011,Notification Service,preproduction,CVE-2021-44228,pkg:pypi/pyyaml@1.11.0?instance=23,4.7,0.3006,False,True,High,5.5,P2,Open,SyntheticScanner
FND-000405,APP-0011,Notification Service,preproduction,CVE-2025-24813,pkg:pypi/jinja2@7.17.8?instance=18,4.7,0.3491,False,True,High,5.7,P2,Open,SyntheticScanner
FND-000406,APP-0011,Notification Service,preproduction,CVE-2023-44487,pkg:pypi/django@3.13.3?instance=13,9.4,0.293,False,True,High,10,P1,Open,SyntheticScanner
FND-000407,APP-0011,Notification Service,preproduction,CVE-2025-32463,pkg:pypi/flask@7.3.5?instance=46,5.2,0.2082,False,True,High,5.8,P2,Open,SyntheticScanner
FND-000408,APP-0011,Notification Service,preproduction,CVE-2024-21626,pkg:pypi/requests@4.12.3?instance=43,6.8,0.1488,False,False,High,4.9,P3,Accepted - dead/unreachable code,SyntheticScanner
FND-000409,APP-0011,Notification Service,preproduction,CVE-2023-38545,pkg:pypi/pyyaml@2.12.0?instance=41,6.4,0.161,False,True,High,6.9,P2,Open,SyntheticScanner
FND-000410,APP-0011,Notification Service,preproduction,CVE-2023-38545,pkg:pypi/jinja2@5.8.10?instance=24,8.2,0.4959,False,True,High,10,P1,Open,SyntheticScanner
FND-000411,APP-0011,Notification Service,preproduction,CVE-2025-29927,pkg:pypi/requests@8.7.2?instance=29,4.2,0.2917,False,False,High,3.3,P3,Accepted - dead/unreachable code,SyntheticScanner
FND-000412,APP-0011,Notification Service,preproduction,CVE-2025-32463,pkg:pypi/requests@4.7.2?instance=22,4.3,0.2486,False,False,High,3.3,P3,Accepted - dead/unreachable code,SyntheticScanner
FND-000413,APP-0011,Notification Service,preproduction,CVE-2024-3094,pkg:pypi/urllib3@9.4.3?instance=0,5.0,0.0699,False,False,High,3.4,P3,Accepted - dead/unreachable code,SyntheticScanner
FND-000414,APP-0011,Notification Service,preproduction,CVE-2022-22965,pkg:pypi/django@9.8.2?instance=49,8.6,0.4389,False,False,High,7.3,P2,Accepted - dead/unreachable code,SyntheticScanner
FND-000415,APP-0011,Notification Service,preproduction,CVE-2024-21626,pkg:pypi/pyyaml@1.11.0?instance=23,8.4,0.202,False,False,High,6.2,P2,Accepted - dead/unreachable code,SyntheticScanner
FND-000416,APP-0011,Notification Service,preproduction,CVE-2024-3094,pkg:pypi/numpy@1.1.5?instance=47,8.9,0.378,False,True,High,10,P1,Open,SyntheticScanner
FND-000417,APP-0011,Notification Service,preproduction,CVE-2021-44228,pkg:pypi/cryptography@5.1.2?instance=9,6.3,0.0917,False,False,High,4.4,P3,Accepted - dead/unreachable code,SyntheticScanner
FND-000418,APP-0011,Notification Service,preproduction,CVE-2025-24813,pkg:pypi/pyyaml@2.12.0?instance=41,5.4,0.1429,False,False,High,3.9,P3,Accepted - dead/unreachable code,SyntheticScanner
FND-000419,APP-0011,Notification Service,preproduction,CVE-2021-44228,pkg:pypi/jinja2@8.3.6?instance=7,9.7,0.5324,False,True,High,10,P1,Open,SyntheticScanner
FND-000420,APP-0011,Notification Service,preproduction,CVE-2026-21401,pkg:pypi/requests@1.17.4?instance=19,9.8,0.1187,False,True,High,10,P1,Open,SyntheticScanner
FND-000421,APP-0012,Tarification,production,CVE-2025-32463,pkg:npm/minimist@1.6.9?instance=28,8.7,0.6172,False,True,Medium,10,P1,Open,SyntheticScanner
FND-000422,APP-0012,Tarification,production,CVE-2023-38545,pkg:npm/jsonwebtoken@1.11.1?instance=24,5.0,0.0736,False,True,Medium,4.6,P3,Open,SyntheticScanner
FND-000423,APP-0012,Tarification,production,CVE-2025-29927,pkg:npm/lodash@2.10.8?instance=62,7.0,0.6778,False,True,Medium,8.8,P1,Open,SyntheticScanner
FND-000424,APP-0012,Tarification,production,CVE-2023-38545,pkg:npm/minimist@6.7.11?instance=15,7.4,0.0637,False,True,Medium,6.7,P2,Open,SyntheticScanner
FND-000425,APP-0012,Tarification,production,CVE-2024-3094,pkg:npm/webpack@3.0.1?instance=66,8.1,0.0042,False,True,Medium,7.1,P2,Open,SyntheticScanner
FND-000426,APP-0012,Tarification,production,CVE-2024-21626,pkg:npm/lodash@5.18.4?instance=19,6.6,0.0459,False,True,Medium,6.0,P2,Open,SyntheticScanner
FND-000427,APP-0012,Tarification,production,CVE-2022-22965,pkg:npm/react@8.5.4?instance=68,6.9,0.6301,False,True,Medium,8.5,P1,Open,SyntheticScanner
FND-000428,APP-0012,Tarification,production,CVE-2025-32463,pkg:npm/jsonwebtoken@9.2.3?instance=53,8.2,0.1271,False,True,Medium,7.8,P1,Open,SyntheticScanner
FND-000429,APP-0012,Tarification,production,CVE-2025-32463,pkg:npm/minimist@5.5.4?instance=21,8.1,0.0451,False,False,Medium,4.9,P3,Accepted - dead/unreachable code,SyntheticScanner
FND-000430,APP-0012,Tarification,production,CVE-2023-38545,pkg:npm/moment@8.8.3?instance=51,9.3,0.0628,False,True,Medium,8.5,P1,Open,SyntheticScanner
FND-000431,APP-0012,Tarification,production,CVE-2025-32463,pkg:npm/jsonwebtoken@8.13.8?instance=27,7.4,0.7083,False,False,Medium,6.3,P2,Accepted - dead/unreachable code,SyntheticScanner
FND-000432,APP-0012,Tarification,production,CVE-2023-38545,pkg:npm/axios@7.13.10?instance=67,7.0,0.8741,False,True,Medium,9.6,P1,Open,SyntheticScanner
FND-000433,APP-0012,Tarification,production,CVE-2022-22965,pkg:npm/express@1.16.5?instance=69,8.1,0.2327,False,False,Medium,5.5,P2,Accepted - dead/unreachable code,SyntheticScanner
FND-000434,APP-0012,Tarification,production,CVE-2025-32463,pkg:npm/express@5.9.10?instance=44,5.7,0.1856,False,False,Medium,3.7,P3,Accepted - dead/unreachable code,SyntheticScanner
FND-000435,APP-0012,Tarification,production,CVE-2022-22965,pkg:npm/react@8.10.10?instance=16,9.0,0.2154,False,True,Medium,9.0,P1,Open,SyntheticScanner
FND-000436,APP-0012,Tarification,production,CVE-2023-44487,pkg:npm/jsonwebtoken@1.18.4?instance=38,7.1,0.0055,False,True,Medium,6.2,P2,Open,SyntheticScanner
FND-000437,APP-0012,Tarification,production,CVE-2024-3094,pkg:npm/lodash@1.5.12?instance=59,6.2,0.6771,False,True,Medium,7.8,P1,Open,SyntheticScanner
FND-000438,APP-0012,Tarification,production,CVE-2021-44228,pkg:npm/react@1.3.8?instance=57,9.9,0.6861,False,True,Medium,10,P1,Open,SyntheticScanner
FND-000439,APP-0012,Tarification,production,CVE-2021-44228,pkg:npm/moment@6.19.4?instance=1,4.6,0.3588,False,True,Medium,5.0,P2,Open,SyntheticScanner
FND-000440,APP-0012,Tarification,preproduction,CVE-2024-21626,pkg:npm/lodash@5.13.9?instance=65,5.8,0.136,False,False,Medium,3.7,P3,Accepted - dead/unreachable code,SyntheticScanner
FND-000441,APP-0012,Tarification,preproduction,CVE-2024-3094,pkg:npm/jsonwebtoken@2.12.2?instance=47,5.0,0.3418,False,False,Medium,3.6,P3,Accepted - dead/unreachable code,SyntheticScanner
FND-000442,APP-0012,Tarification,preproduction,CVE-2021-44228,pkg:npm/express@3.14.12?instance=31,4.5,0.0996,False,True,Medium,4.2,P3,Open,SyntheticScanner
FND-000443,APP-0012,Tarification,preproduction,CVE-2023-44487,pkg:npm/lodash@5.13.9?instance=65,4.9,0.6355,False,False,Medium,4.1,P3,Accepted - dead/unreachable code,SyntheticScanner
FND-000444,APP-0012,Tarification,preproduction,CVE-2025-29927,pkg:npm/jsonwebtoken@3.9.2?instance=43,8.9,0.3018,False,False,Medium,6.2,P2,Accepted - dead/unreachable code,SyntheticScanner
FND-000445,APP-0012,Tarification,preproduction,CVE-2026-21401,pkg:npm/lodash@5.0.3?instance=70,4.1,0.5585,False,True,Medium,4.9,P3,Open,SyntheticScanner
FND-000446,APP-0012,Tarification,preproduction,CVE-2024-21626,pkg:npm/moment@1.12.7?instance=68,9.1,0.5993,False,True,Medium,10,P1,Open,SyntheticScanner
FND-000447,APP-0012,Tarification,preproduction,CVE-2023-44487,pkg:npm/react@3.4.3?instance=3,4.1,0.5555,False,True,Medium,4.9,P3,Open,SyntheticScanner
FND-000448,APP-0012,Tarification,preproduction,CVE-2024-3094,pkg:npm/axios@7.8.5?instance=18,8.5,0.0846,False,True,Medium,7.9,P1,Open,SyntheticScanner
FND-000449,APP-0012,Tarification,preproduction,CVE-2025-32463,pkg:npm/moment@9.19.9?instance=60,8.8,0.0472,False,True,Medium,7.9,P1,Open,SyntheticScanner
FND-000450,APP-0012,Tarification,preproduction,CVE-2022-22965,pkg:npm/jsonwebtoken@3.10.12?instance=72,5.9,0.2334,False,False,Medium,4.0,P3,Accepted - dead/unreachable code,SyntheticScanner
FND-000451,APP-0012,Tarification,preproduction,CVE-2022-22965,pkg:npm/react@2.6.4?instance=55,7.2,0.231,False,True,Medium,7.2,P2,Open,SyntheticScanner
FND-000452,APP-0012,Tarification,preproduction,CVE-2026-21401,pkg:npm/jsonwebtoken@2.15.8?instance=52,4.9,0.406,False,True,Medium,5.4,P2,Open,SyntheticScanner
FND-000453,APP-0012,Tarification,preproduction,CVE-2022-22965,pkg:npm/lodash@5.13.9?instance=65,8.1,0.1587,False,False,Medium,5.2,P2,Accepted - dead/unreachable code,SyntheticScanner
FND-000454,APP-0013,Fraude Temps Reel,production,CVE-2023-38545,pkg:pypi/requests@6.8.9?instance=45,8.7,0.0138,False,False,Critical,6.4,P2,Accepted - dead/unreachable code,SyntheticScanner
FND-000455,APP-0013,Fraude Temps Reel,production,CVE-2024-3094,pkg:pypi/flask@2.9.1?instance=36,7.4,0.37,False,True,Critical,10,P1,Open,SyntheticScanner
FND-000456,APP-0013,Fraude Temps Reel,production,CVE-2025-32463,pkg:pypi/jinja2@2.10.10?instance=19,8.6,0.0527,False,False,Critical,6.5,P2,Accepted - dead/unreachable code,SyntheticScanner
FND-000457,APP-0013,Fraude Temps Reel,production,CVE-2024-21626,pkg:pypi/numpy@3.15.0?instance=58,6.4,0.0256,False,True,Critical,7.1,P2,Open,SyntheticScanner
FND-000458,APP-0013,Fraude Temps Reel,production,CVE-2024-3094,pkg:pypi/requests@4.0.11?instance=56,8.0,0.4511,True,True,Critical,10,P1,Open,SyntheticScanner
FND-000459,APP-0013,Fraude Temps Reel,production,CVE-2024-3094,pkg:pypi/django@2.11.2?instance=53,8.2,0.2058,False,True,Critical,10,P1,Open,SyntheticScanner
FND-000460,APP-0013,Fraude Temps Reel,production,CVE-2023-44487,pkg:pypi/django@2.3.9?instance=24,8.5,0.3951,False,True,Critical,10,P1,Open,SyntheticScanner
FND-000461,APP-0013,Fraude Temps Reel,production,CVE-2025-24813,pkg:pypi/django@9.12.2?instance=18,4.8,0.647,False,True,Critical,7.5,P1,Open,SyntheticScanner
FND-000462,APP-0013,Fraude Temps Reel,production,CVE-2025-32463,pkg:pypi/pyyaml@3.1.9?instance=30,8.7,0.3781,True,True,Critical,10,P1,Open,SyntheticScanner
FND-000463,APP-0013,Fraude Temps Reel,production,CVE-2023-38545,pkg:pypi/cryptography@7.5.2?instance=16,5.8,0.0066,True,True,Critical,8.2,P1,Open,SyntheticScanner
FND-000464,APP-0013,Fraude Temps Reel,production,CVE-2025-29927,pkg:pypi/jinja2@2.10.10?instance=19,6.0,0.0532,True,True,Critical,8.7,P1,Open,SyntheticScanner
FND-000465,APP-0013,Fraude Temps Reel,production,CVE-2026-21401,pkg:pypi/cryptography@6.6.8?instance=41,4.8,0.1321,False,True,Critical,5.7,P2,Open,SyntheticScanner
FND-000466,APP-0013,Fraude Temps Reel,production,CVE-2025-24813,pkg:pypi/numpy@1.14.7?instance=5,5.8,0.1196,False,False,Critical,4.6,P3,Accepted - dead/unreachable code,SyntheticScanner
FND-000467,APP-0013,Fraude Temps Reel,production,CVE-2024-21626,pkg:pypi/pyyaml@1.9.5?instance=7,7.7,0.0957,False,True,Critical,9.0,P1,Open,SyntheticScanner
FND-000468,APP-0013,Fraude Temps Reel,production,CVE-2025-29927,pkg:pypi/requests@2.20.1?instance=17,5.4,0.0807,False,False,Critical,4.2,P3,Accepted - dead/unreachable code,SyntheticScanner
FND-000469,APP-0013,Fraude Temps Reel,production,CVE-2024-3094,pkg:pypi/requests@4.0.11?instance=56,5.3,0.447,True,True,Critical,9.6,P1,Open,SyntheticScanner
FND-000470,APP-0013,Fraude Temps Reel,production,CVE-2025-24813,pkg:pypi/pyyaml@4.16.10?instance=34,4.6,0.0927,False,True,Critical,5.3,P2,Open,SyntheticScanner
FND-000471,APP-0013,Fraude Temps Reel,production,CVE-2022-22965,pkg:pypi/flask@2.9.1?instance=36,7.6,0.5281,False,False,Critical,7.5,P1,Accepted - dead/unreachable code,SyntheticScanner
FND-000472,APP-0013,Fraude Temps Reel,production,CVE-2025-32463,pkg:pypi/pyyaml@9.7.2?instance=0,8.6,0.2871,False,False,Critical,7.5,P1,Accepted - dead/unreachable code,SyntheticScanner
FND-000473,APP-0013,Fraude Temps Reel,preproduction,CVE-2023-38545,pkg:pypi/flask@2.14.10?instance=55,7.5,0.2191,False,False,Critical,6.3,P2,Accepted - dead/unreachable code,SyntheticScanner
FND-000474,APP-0013,Fraude Temps Reel,preproduction,CVE-2025-29927,pkg:pypi/urllib3@2.14.6?instance=23,6.7,0.3004,False,False,Critical,5.9,P2,Accepted - dead/unreachable code,SyntheticScanner
FND-000475,APP-0013,Fraude Temps Reel,preproduction,CVE-2025-32463,pkg:pypi/cryptography@1.12.4?instance=38,9.4,0.2589,False,True,Critical,10,P1,Open,SyntheticScanner
FND-000476,APP-0013,Fraude Temps Reel,preproduction,CVE-2025-29927,pkg:pypi/requests@1.17.8?instance=8,9.6,0.0473,True,True,Critical,10,P1,Open,SyntheticScanner
FND-000477,APP-0013,Fraude Temps Reel,preproduction,CVE-2024-21626,pkg:pypi/requests@3.20.12?instance=39,5.3,0.4256,False,True,Critical,7.4,P2,Open,SyntheticScanner
FND-000478,APP-0013,Fraude Temps Reel,preproduction,CVE-2024-21626,pkg:pypi/urllib3@5.4.7?instance=51,7.4,0.0506,True,True,Critical,10,P1,Open,SyntheticScanner
FND-000479,APP-0013,Fraude Temps Reel,preproduction,CVE-2025-24813,pkg:pypi/cryptography@3.11.2?instance=21,7.6,0.5721,False,True,Critical,10,P1,Open,SyntheticScanner
FND-000480,APP-0013,Fraude Temps Reel,preproduction,CVE-2025-32463,pkg:pypi/jinja2@5.17.2?instance=10,5.1,0.2753,False,True,Critical,6.6,P2,Open,SyntheticScanner
FND-000481,APP-0013,Fraude Temps Reel,preproduction,CVE-2024-3094,pkg:pypi/cryptography@1.12.4?instance=38,7.3,0.2692,False,False,Critical,6.3,P2,Accepted - dead/unreachable code,SyntheticScanner
FND-000482,APP-0013,Fraude Temps Reel,preproduction,CVE-2025-29927,pkg:pypi/cryptography@3.19.12?instance=11,9.7,0.2564,False,True,Critical,10,P1,Open,SyntheticScanner
FND-000483,APP-0013,Fraude Temps Reel,preproduction,CVE-2023-38545,pkg:pypi/cryptography@1.12.4?instance=38,7.4,0.1064,False,True,Critical,8.7,P1,Open,SyntheticScanner
FND-000484,APP-0013,Fraude Temps Reel,preproduction,CVE-2025-24813,pkg:pypi/numpy@2.0.2?instance=16,7.4,0.3071,True,True,Critical,10,P1,Open,SyntheticScanner
FND-000485,APP-0013,Fraude Temps Reel,preproduction,CVE-2023-38545,pkg:pypi/requests@8.5.3?instance=49,5.7,0.2561,True,True,Critical,9.3,P1,Open,SyntheticScanner
FND-000486,APP-0013,Fraude Temps Reel,preproduction,CVE-2025-24813,pkg:pypi/django@4.15.12?instance=26,9.2,0.183,False,False,Critical,7.5,P1,Accepted - dead/unreachable code,SyntheticScanner
FND-000487,APP-0013,Fraude Temps Reel,preproduction,CVE-2025-32463,pkg:pypi/jinja2@7.20.12?instance=53,5.0,0.0677,True,True,Critical,7.3,P2,Open,SyntheticScanner
FND-000488,APP-0013,Fraude Temps Reel,preproduction,CVE-2024-3094,pkg:pypi/numpy@3.20.10?instance=50,6.0,0.4742,True,True,Critical,10,P1,Open,SyntheticScanner
FND-000489,APP-0013,Fraude Temps Reel,preproduction,CVE-2024-21626,pkg:pypi/urllib3@2.14.6?instance=23,7.8,0.0184,False,False,Critical,5.8,P2,Accepted - dead/unreachable code,SyntheticScanner
FND-000490,APP-0013,Fraude Temps Reel,preproduction,CVE-2024-3094,pkg:pypi/requests@1.1.7?instance=20,8.2,0.5432,False,False,Critical,8.1,P1,Accepted - dead/unreachable code,SyntheticScanner
FND-000491,APP-0014,Referentiel Client,production,CVE-2022-22965,pkg:pypi/cryptography@6.0.4?instance=1,5.4,0.0949,False,True,High,5.6,P2,Open,SyntheticScanner
FND-000492,APP-0014,Referentiel Client,production,CVE-2023-44487,pkg:pypi/flask@7.14.12?instance=22,4.5,0.4186,False,False,High,3.8,P3,Accepted - dead/unreachable code,SyntheticScanner
FND-000493,APP-0014,Referentiel Client,production,CVE-2023-38545,pkg:pypi/flask@3.20.0?instance=47,6.2,0.0527,False,False,High,4.2,P3,Accepted - dead/unreachable code,SyntheticScanner
FND-000494,APP-0014,Referentiel Client,production,CVE-2024-21626,pkg:pypi/urllib3@7.7.4?instance=52,9.4,0.2467,False,True,High,10,P1,Open,SyntheticScanner
FND-000495,APP-0014,Referentiel Client,production,CVE-2023-44487,pkg:pypi/pyyaml@6.10.6?instance=45,6.6,0.1928,False,False,High,4.9,P3,Accepted - dead/unreachable code,SyntheticScanner
FND-000496,APP-0014,Referentiel Client,production,CVE-2025-29927,pkg:pypi/urllib3@3.17.9?instance=29,8.9,0.0555,False,True,High,9.0,P1,Open,SyntheticScanner
FND-000497,APP-0014,Referentiel Client,production,CVE-2023-44487,pkg:pypi/requests@4.5.0?instance=55,4.1,0.0714,False,True,High,4.2,P3,Open,SyntheticScanner
FND-000498,APP-0014,Referentiel Client,production,CVE-2024-3094,pkg:pypi/urllib3@7.7.4?instance=52,8.2,0.293,False,True,High,9.6,P1,Open,SyntheticScanner
FND-000499,APP-0014,Referentiel Client,production,CVE-2024-3094,pkg:pypi/numpy@9.19.8?instance=9,8.6,0.2013,False,True,High,9.5,P1,Open,SyntheticScanner
FND-000500,APP-0014,Referentiel Client,production,CVE-2024-21626,pkg:pypi/cryptography@6.0.4?instance=1,7.2,0.3236,False,True,High,8.5,P1,Open,SyntheticScanner
FND-000501,APP-0014,Referentiel Client,production,CVE-2024-21626,pkg:pypi/flask@4.15.7?instance=8,8.7,0.7725,False,True,High,10,P1,Open,SyntheticScanner
FND-000502,APP-0014,Referentiel Client,production,CVE-2025-24813,pkg:pypi/cryptography@6.0.4?instance=1,6.1,0.5242,False,True,High,8.0,P1,Open,SyntheticScanner
FND-000503,APP-0014,Referentiel Client,production,CVE-2025-32463,pkg:pypi/cryptography@4.14.11?instance=48,6.2,0.5533,False,False,High,5.5,P2,Accepted - dead/unreachable code,SyntheticScanner
FND-000504,APP-0014,Referentiel Client,production,CVE-2024-21626,pkg:pypi/pyyaml@2.14.7?instance=0,8.9,0.3194,False,True,High,10,P1,Open,SyntheticScanner
FND-000505,APP-0014,Referentiel Client,production,CVE-2023-44487,pkg:pypi/urllib3@2.14.9?instance=16,5.0,0.3902,False,True,High,6.1,P2,Open,SyntheticScanner
FND-000506,APP-0014,Referentiel Client,production,CVE-2022-22965,pkg:pypi/flask@3.3.11?instance=49,4.9,0.1724,False,False,High,3.6,P3,Accepted - dead/unreachable code,SyntheticScanner
FND-000507,APP-0014,Referentiel Client,production,CVE-2021-44228,pkg:pypi/cryptography@4.14.11?instance=48,7.7,0.1364,False,False,High,5.5,P2,Accepted - dead/unreachable code,SyntheticScanner
FND-000508,APP-0014,Referentiel Client,production,CVE-2022-22965,pkg:pypi/flask@3.3.11?instance=49,6.2,0.0951,False,True,High,6.5,P2,Open,SyntheticScanner
FND-000509,APP-0014,Referentiel Client,production,CVE-2021-44228,pkg:pypi/urllib3@3.17.9?instance=29,6.9,0.1682,False,True,High,7.5,P1,Open,SyntheticScanner
FND-000510,APP-0014,Referentiel Client,production,CVE-2026-21401,pkg:pypi/requests@4.5.0?instance=55,7.9,0.8012,False,True,High,10,P1,Open,SyntheticScanner
FND-000511,APP-0014,Referentiel Client,production,CVE-2021-44228,pkg:pypi/pyyaml@2.14.7?instance=0,9.1,0.4757,False,True,High,10,P1,Open,SyntheticScanner
FND-000512,APP-0014,Referentiel Client,production,CVE-2021-44228,pkg:pypi/flask@1.13.2?instance=51,6.3,0.5454,False,True,High,8.4,P1,Open,SyntheticScanner
FND-000513,APP-0014,Referentiel Client,production,CVE-2024-3094,pkg:pypi/numpy@9.19.8?instance=9,8.1,0.401,False,True,High,10,P1,Open,SyntheticScanner
FND-000514,APP-0014,Referentiel Client,production,CVE-2025-29927,pkg:pypi/pyyaml@6.10.6?instance=45,7.6,0.1265,False,True,High,8.1,P1,Open,SyntheticScanner
FND-000515,APP-0014,Referentiel Client,production,CVE-2026-21401,pkg:pypi/urllib3@7.0.4?instance=24,6.3,0.3206,False,True,High,7.5,P1,Open,SyntheticScanner
FND-000516,APP-0014,Referentiel Client,production,CVE-2025-32463,pkg:pypi/urllib3@7.0.4?instance=24,6.9,0.3651,False,True,High,8.4,P1,Open,SyntheticScanner
FND-000517,APP-0014,Referentiel Client,production,CVE-2025-32463,pkg:pypi/pyyaml@9.3.8?instance=28,9.0,0.1352,False,True,High,9.6,P1,Open,SyntheticScanner
FND-000518,APP-0014,Referentiel Client,preproduction,CVE-2024-21626,pkg:pypi/django@3.9.0?instance=2,8.5,0.0341,False,False,High,5.7,P2,Accepted - dead/unreachable code,SyntheticScanner
FND-000519,APP-0014,Referentiel Client,preproduction,CVE-2023-38545,pkg:pypi/urllib3@6.11.1?instance=20,7.2,0.006,False,False,High,4.7,P3,Accepted - dead/unreachable code,SyntheticScanner
FND-000520,APP-0014,Referentiel Client,preproduction,CVE-2026-21401,pkg:pypi/numpy@7.13.8?instance=34,9.5,0.3602,False,False,High,7.7,P1,Accepted - dead/unreachable code,SyntheticScanner
FND-000521,APP-0014,Referentiel Client,preproduction,CVE-2025-24813,pkg:pypi/cryptography@4.0.5?instance=13,6.5,0.4278,False,False,High,5.5,P2,Accepted - dead/unreachable code,SyntheticScanner
FND-000522,APP-0014,Referentiel Client,preproduction,CVE-2025-32463,pkg:pypi/requests@3.1.3?instance=1,6.8,0.3443,False,True,High,8.2,P1,Open,SyntheticScanner
FND-000523,APP-0014,Referentiel Client,preproduction,CVE-2025-29927,pkg:pypi/numpy@2.8.3?instance=9,8.7,0.0066,False,False,High,5.7,P2,Accepted - dead/unreachable code,SyntheticScanner
FND-000524,APP-0014,Referentiel Client,preproduction,CVE-2023-44487,pkg:pypi/django@7.0.11?instance=22,5.3,0.8203,False,False,High,5.3,P2,Accepted - dead/unreachable code,SyntheticScanner
FND-000525,APP-0014,Referentiel Client,preproduction,CVE-2022-22965,pkg:pypi/pyyaml@8.3.7?instance=0,6.2,0.0683,False,False,High,4.3,P3,Accepted - dead/unreachable code,SyntheticScanner
FND-000526,APP-0014,Referentiel Client,preproduction,CVE-2022-22965,pkg:pypi/jinja2@6.9.11?instance=42,6.1,0.0083,False,True,High,6.0,P2,Open,SyntheticScanner
FND-000527,APP-0014,Referentiel Client,preproduction,CVE-2026-21401,pkg:pypi/django@1.3.11?instance=4,6.7,0.3943,False,True,High,8.2,P1,Open,SyntheticScanner
FND-000528,APP-0014,Referentiel Client,preproduction,CVE-2022-22965,pkg:pypi/cryptography@4.0.5?instance=13,9.4,0.2541,False,False,High,7.2,P2,Accepted - dead/unreachable code,SyntheticScanner
FND-000529,APP-0014,Referentiel Client,preproduction,CVE-2023-38545,pkg:pypi/requests@8.15.9?instance=19,6.6,0.0861,False,False,High,4.6,P3,Accepted - dead/unreachable code,SyntheticScanner
FND-000530,APP-0014,Referentiel Client,preproduction,CVE-2024-3094,pkg:pypi/flask@9.13.3?instance=8,8.0,0.2935,False,True,High,9.3,P1,Open,SyntheticScanner
FND-000531,APP-0014,Referentiel Client,preproduction,CVE-2025-29927,pkg:pypi/numpy@7.13.8?instance=34,5.4,0.1415,False,False,High,3.9,P3,Accepted - dead/unreachable code,SyntheticScanner
FND-000532,APP-0014,Referentiel Client,preproduction,CVE-2024-21626,pkg:pypi/requests@3.1.3?instance=1,9.4,0.1356,False,False,High,6.7,P2,Accepted - dead/unreachable code,SyntheticScanner
FND-000533,APP-0015,Comptabilite,production,CVE-2024-21626,pkg:pypi/pyyaml@2.6.2?instance=12,9.2,0.032,False,True,Critical,10,P1,Open,SyntheticScanner
FND-000534,APP-0015,Comptabilite,production,CVE-2023-44487,pkg:pypi/cryptography@6.6.9?instance=32,9.8,0.7306,False,False,Critical,10,P1,Accepted - dead/unreachable code,SyntheticScanner
FND-000535,APP-0015,Comptabilite,production,CVE-2023-38545,pkg:pypi/requests@6.17.2?instance=16,8.2,0.4165,False,True,Critical,10,P1,Open,SyntheticScanner
FND-000536,APP-0015,Comptabilite,production,CVE-2023-38545,pkg:pypi/flask@1.2.5?instance=50,5.4,0.4143,False,True,Critical,7.5,P1,Open,SyntheticScanner
FND-000537,APP-0015,Comptabilite,production,CVE-2025-29927,pkg:pypi/cryptography@2.16.0?instance=22,9.4,0.1471,False,False,Critical,7.5,P1,Accepted - dead/unreachable code,SyntheticScanner
FND-000538,APP-0015,Comptabilite,production,CVE-2023-44487,pkg:pypi/requests@6.14.10?instance=5,9.6,0.7024,False,True,Critical,10,P1,Open,SyntheticScanner
FND-000539,APP-0015,Comptabilite,production,CVE-2021-44228,pkg:pypi/cryptography@3.12.6?instance=34,5.4,0.032,False,True,Critical,6.0,P2,Open,SyntheticScanner
FND-000540,APP-0015,Comptabilite,production,CVE-2025-29927,pkg:pypi/numpy@9.0.0?instance=27,4.8,0.1703,False,False,Critical,3.9,P3,Accepted - dead/unreachable code,SyntheticScanner
FND-000541,APP-0015,Comptabilite,production,CVE-2025-24813,pkg:pypi/requests@1.7.5?instance=1,6.1,0.3735,False,True,Critical,8.3,P1,Open,SyntheticScanner
FND-000542,APP-0015,Comptabilite,production,CVE-2026-21401,pkg:pypi/cryptography@6.16.1?instance=29,9.6,0.1283,False,True,Critical,10,P1,Open,SyntheticScanner
FND-000543,APP-0015,Comptabilite,production,CVE-2023-38545,pkg:pypi/pyyaml@7.6.10?instance=53,4.5,0.0756,False,True,Critical,5.2,P2,Open,SyntheticScanner
FND-000544,APP-0015,Comptabilite,production,CVE-2024-21626,pkg:pypi/numpy@9.0.0?instance=27,6.7,0.0597,False,True,Critical,7.6,P1,Open,SyntheticScanner
FND-000545,APP-0015,Comptabilite,production,CVE-2021-44228,pkg:pypi/urllib3@1.0.8?instance=18,8.9,0.2517,False,True,Critical,10,P1,Open,SyntheticScanner
FND-000546,APP-0015,Comptabilite,production,CVE-2025-29927,pkg:pypi/requests@6.17.2?instance=16,5.4,0.4407,False,True,Critical,7.6,P1,Open,SyntheticScanner
FND-000547,APP-0015,Comptabilite,production,CVE-2023-44487,pkg:pypi/flask@1.2.5?instance=50,4.9,0.3137,False,True,Critical,6.5,P2,Open,SyntheticScanner
FND-000548,APP-0015,Comptabilite,production,CVE-2025-24813,pkg:pypi/numpy@8.6.1?instance=14,8.9,0.2336,False,True,Critical,10,P1,Open,SyntheticScanner
FND-000549,APP-0015,Comptabilite,production,CVE-2023-44487,pkg:pypi/pyyaml@9.16.11?instance=4,6.2,0.4115,False,True,Critical,8.6,P1,Open,SyntheticScanner
FND-000550,APP-0015,Comptabilite,production,CVE-2024-3094,pkg:pypi/jinja2@5.6.6?instance=42,7.7,0.0071,False,True,Critical,8.5,P1,Open,SyntheticScanner
FND-000551,APP-0015,Comptabilite,production,CVE-2025-29927,pkg:pypi/urllib3@5.19.9?instance=39,5.9,0.6146,False,True,Critical,9.0,P1,Open,SyntheticScanner
FND-000552,APP-0015,Comptabilite,preproduction,CVE-2022-22965,pkg:pypi/jinja2@7.6.11?instance=52,4.2,0.5489,False,False,Critical,4.2,P3,Accepted - dead/unreachable code,SyntheticScanner
FND-000553,APP-0015,Comptabilite,preproduction,CVE-2023-38545,pkg:pypi/urllib3@6.18.10?instance=43,4.7,0.5487,False,True,Critical,7.0,P2,Open,SyntheticScanner
FND-000554,APP-0015,Comptabilite,preproduction,CVE-2023-38545,pkg:pypi/django@6.15.11?instance=51,5.4,0.046,False,True,Critical,6.1,P2,Open,SyntheticScanner
FND-000555,APP-0015,Comptabilite,preproduction,CVE-2025-24813,pkg:pypi/urllib3@8.20.9?instance=45,4.0,0.1278,False,False,Critical,3.2,P3,Accepted - dead/unreachable code,SyntheticScanner
FND-000556,APP-0015,Comptabilite,preproduction,CVE-2023-44487,pkg:pypi/jinja2@7.1.6?instance=50,4.9,0.4062,False,True,Critical,6.8,P2,Open,SyntheticScanner
FND-000557,APP-0015,Comptabilite,preproduction,CVE-2023-44487,pkg:pypi/cryptography@1.1.0?instance=14,8.6,0.5461,False,True,Critical,10,P1,Open,SyntheticScanner
FND-000558,APP-0015,Comptabilite,preproduction,CVE-2025-32463,pkg:pypi/numpy@1.4.8?instance=18,6.4,0.2855,False,False,Critical,5.6,P2,Accepted - dead/unreachable code,SyntheticScanner
FND-000559,APP-0015,Comptabilite,preproduction,CVE-2025-24813,pkg:pypi/django@2.10.2?instance=31,8.2,0.3637,False,True,Critical,10,P1,Open,SyntheticScanner
FND-000560,APP-0015,Comptabilite,preproduction,CVE-2024-3094,pkg:pypi/pyyaml@4.15.12?instance=33,7.8,0.2735,False,False,Critical,6.7,P2,Accepted - dead/unreachable code,SyntheticScanner
FND-000561,APP-0015,Comptabilite,preproduction,CVE-2025-24813,pkg:pypi/jinja2@5.1.12?instance=2,7.0,0.6577,False,True,Critical,10,P1,Open,SyntheticScanner
FND-000562,APP-0015,Comptabilite,preproduction,CVE-2024-3094,pkg:pypi/pyyaml@5.8.7?instance=17,9.3,0.1234,False,False,Critical,7.4,P2,Accepted - dead/unreachable code,SyntheticScanner
FND-000563,APP-0015,Comptabilite,preproduction,CVE-2024-3094,pkg:pypi/flask@5.11.6?instance=15,5.1,0.0834,False,False,Critical,3.9,P3,Accepted - dead/unreachable code,SyntheticScanner
FND-000564,APP-0015,Comptabilite,preproduction,CVE-2025-29927,pkg:pypi/requests@9.14.11?instance=22,5.0,0.8172,False,False,Critical,5.6,P2,Accepted - dead/unreachable code,SyntheticScanner
FND-000565,APP-0015,Comptabilite,preproduction,CVE-2024-21626,pkg:pypi/pyyaml@4.0.12?instance=48,4.3,0.048,False,False,Critical,3.3,P3,Accepted - dead/unreachable code,SyntheticScanner
FND-000566,APP-0015,Comptabilite,preproduction,CVE-2024-3094,pkg:pypi/django@7.6.5?instance=4,9.5,0.332,False,True,Critical,10,P1,Open,SyntheticScanner
FND-000567,APP-0015,Comptabilite,preproduction,CVE-2026-21401,pkg:pypi/pyyaml@9.14.11?instance=47,5.0,0.6664,False,False,Critical,5.2,P2,Accepted - dead/unreachable code,SyntheticScanner
FND-000568,APP-0015,Comptabilite,preproduction,CVE-2021-44228,pkg:pypi/jinja2@9.12.6?instance=40,6.1,0.6426,False,True,Critical,9.5,P1,Open,SyntheticScanner
FND-000569,APP-0015,Comptabilite,preproduction,CVE-2024-21626,pkg:pypi/requests@4.3.6?instance=3,6.7,0.3119,False,True,Critical,8.8,P1,Open,SyntheticScanner
FND-000570,APP-0016,Reporting Reglementaire,production,CVE-2022-22965,pkg:golang/github.com/go-sql-driver/mysql@9.4.7?instance=57,5.5,0.302,True,True,High,8.3,P1,Open,SyntheticScanner
FND-000571,APP-0016,Reporting Reglementaire,production,CVE-2025-32463,pkg:golang/github.com/go-sql-driver/mysql@2.8.9?instance=14,7.9,0.2724,False,True,High,9.1,P1,Open,SyntheticScanner
FND-000572,APP-0016,Reporting Reglementaire,production,CVE-2024-3094,pkg:golang/github.com/spf13/viper@1.16.2?instance=0,7.7,0.039,True,True,High,9.9,P1,Open,SyntheticScanner
FND-000573,APP-0016,Reporting Reglementaire,production,CVE-2025-24813,pkg:golang/github.com/gorilla/mux@1.9.7?instance=1,6.7,0.0815,False,True,High,6.9,P2,Open,SyntheticScanner
FND-000574,APP-0016,Reporting Reglementaire,production,CVE-2022-22965,pkg:golang/github.com/go-sql-driver/mysql@6.15.10?instance=5,8.8,0.4329,True,True,High,10,P1,Open,SyntheticScanner
FND-000575,APP-0016,Reporting Reglementaire,production,CVE-2024-3094,pkg:golang/github.com/prometheus/client_golang@5.20.9?instance=29,7.7,0.0942,True,True,High,10,P1,Open,SyntheticScanner
FND-000576,APP-0016,Reporting Reglementaire,production,CVE-2021-44228,pkg:golang/github.com/gorilla/mux@1.9.7?instance=1,4.2,0.0142,True,True,High,5.3,P2,Open,SyntheticScanner
FND-000577,APP-0016,Reporting Reglementaire,production,CVE-2024-3094,pkg:golang/go.uber.org/zap@7.3.10?instance=10,7.9,0.1706,False,False,High,5.8,P2,Accepted - dead/unreachable code,SyntheticScanner
FND-000578,APP-0016,Reporting Reglementaire,production,CVE-2025-29927,pkg:golang/go.uber.org/zap@1.2.7?instance=2,4.0,0.1756,False,True,High,4.4,P3,Open,SyntheticScanner
FND-000579,APP-0016,Reporting Reglementaire,production,CVE-2025-24813,pkg:golang/golang.org/x/crypto@9.8.11?instance=74,7.8,0.4845,False,True,High,10,P1,Open,SyntheticScanner
FND-000580,APP-0016,Reporting Reglementaire,production,CVE-2025-29927,pkg:golang/google.golang.org/grpc@9.11.4?instance=76,4.7,0.231,False,False,High,3.5,P3,Accepted - dead/unreachable code,SyntheticScanner
FND-000581,APP-0016,Reporting Reglementaire,production,CVE-2025-29927,pkg:golang/github.com/gorilla/mux@2.13.9?instance=46,5.6,0.0639,False,False,High,3.8,P3,Accepted - dead/unreachable code,SyntheticScanner
FND-000582,APP-0016,Reporting Reglementaire,production,CVE-2021-44228,pkg:golang/github.com/gorilla/mux@4.5.4?instance=39,5.6,0.0017,True,True,High,7.1,P2,Open,SyntheticScanner
FND-000583,APP-0016,Reporting Reglementaire,production,CVE-2025-24813,pkg:golang/google.golang.org/grpc@6.7.10?instance=66,4.1,0.5721,True,True,High,7.1,P2,Open,SyntheticScanner
FND-000584,APP-0016,Reporting Reglementaire,preproduction,CVE-2024-3094,pkg:golang/github.com/go-sql-driver/mysql@4.5.5?instance=15,5.3,0.1385,False,True,High,5.7,P2,Open,SyntheticScanner
FND-000585,APP-0016,Reporting Reglementaire,preproduction,CVE-2025-29927,pkg:golang/github.com/gorilla/mux@5.7.6?instance=7,5.8,0.0422,False,False,High,3.9,P3,Accepted - dead/unreachable code,SyntheticScanner
FND-000586,APP-0016,Reporting Reglementaire,preproduction,CVE-2026-21401,pkg:golang/github.com/prometheus/client_golang@1.19.7?instance=27,6.5,0.3963,True,True,High,10,P1,Open,SyntheticScanner
FND-000587,APP-0016,Reporting Reglementaire,preproduction,CVE-2023-44487,pkg:golang/github.com/gin-gonic/gin@8.5.9?instance=32,4.9,0.242,True,True,High,7.1,P2,Open,SyntheticScanner
FND-000588,APP-0016,Reporting Reglementaire,preproduction,CVE-2023-38545,pkg:golang/google.golang.org/grpc@3.10.12?instance=53,6.1,0.0138,False,False,High,4.0,P3,Accepted - dead/unreachable code,SyntheticScanner
FND-000589,APP-0016,Reporting Reglementaire,preproduction,CVE-2024-21626,pkg:golang/go.uber.org/zap@5.9.12?instance=54,5.7,0.6685,False,True,High,8.0,P1,Open,SyntheticScanner
FND-000590,APP-0016,Reporting Reglementaire,preproduction,CVE-2022-22965,pkg:golang/google.golang.org/grpc@6.15.7?instance=44,8.4,0.5943,True,True,High,10,P1,Open,SyntheticScanner
FND-000591,APP-0016,Reporting Reglementaire,preproduction,CVE-2022-22965,pkg:golang/github.com/go-sql-driver/mysql@4.5.5?instance=15,7.3,0.1109,True,True,High,9.8,P1,Open,SyntheticScanner
FND-000592,APP-0016,Reporting Reglementaire,preproduction,CVE-2025-24813,pkg:golang/go.uber.org/zap@3.6.0?instance=5,7.4,0.1978,False,False,High,5.5,P2,Accepted - dead/unreachable code,SyntheticScanner
FND-000593,APP-0016,Reporting Reglementaire,preproduction,CVE-2023-44487,pkg:golang/github.com/prometheus/client_golang@1.12.1?instance=18,4.6,0.0055,False,False,High,3.0,P3,Accepted - dead/unreachable code,SyntheticScanner
FND-000594,APP-0016,Reporting Reglementaire,preproduction,CVE-2025-32463,pkg:golang/go.uber.org/zap@2.3.4?instance=35,8.7,0.2287,True,True,High,10,P1,Open,SyntheticScanner
FND-000595,APP-0017,Open Banking API,production,CVE-2025-24813,pkg:maven/com.fasterxml.jackson.core/jackson-databind@2.16.6?instance=31,6.5,0.1949,False,False,High,4.8,P3,Accepted - dead/unreachable code,SyntheticScanner
FND-000596,APP-0017,Open Banking API,production,CVE-2025-24813,pkg:maven/org.apache.logging.log4j/log4j-core@3.15.7?instance=22,5.8,0.0395,False,True,High,5.8,P2,Open,SyntheticScanner
FND-000597,APP-0017,Open Banking API,production,CVE-2024-21626,pkg:maven/org.apache.logging.log4j/log4j-core@9.10.7?instance=3,5.0,0.2543,False,True,High,5.7,P2,Open,SyntheticScanner
FND-000598,APP-0017,Open Banking API,production,CVE-2025-24813,pkg:maven/com.fasterxml.jackson.core/jackson-databind@1.8.0?instance=37,5.6,0.0562,False,True,High,5.7,P2,Open,SyntheticScanner
FND-000599,APP-0017,Open Banking API,production,CVE-2026-21401,pkg:maven/org.apache.logging.log4j/log4j-core@8.2.3?instance=11,7.7,0.3974,False,True,High,9.5,P1,Open,SyntheticScanner
FND-000600,APP-0017,Open Banking API,production,CVE-2021-44228,pkg:maven/org.apache.logging.log4j/log4j-core@1.17.12?instance=20,6.2,0.4949,False,False,High,5.4,P2,Accepted - dead/unreachable code,SyntheticScanner
FND-000601,APP-0017,Open Banking API,production,CVE-2023-38545,pkg:maven/org.springframework/spring-core@4.10.3?instance=46,8.9,0.0635,False,True,High,9.1,P1,Open,SyntheticScanner
FND-000602,APP-0017,Open Banking API,production,CVE-2023-38545,pkg:maven/org.postgresql/postgresql@2.12.10?instance=32,5.0,0.4662,False,True,High,6.4,P2,Open,SyntheticScanner
FND-000603,APP-0017,Open Banking API,production,CVE-2024-21626,pkg:maven/org.hibernate/hibernate-core@6.20.9?instance=4,4.8,0.0711,False,True,High,4.9,P3,Open,SyntheticScanner
FND-000604,APP-0017,Open Banking API,production,CVE-2023-44487,pkg:maven/org.yaml/snakeyaml@5.6.0?instance=30,4.2,0.3943,False,True,High,5.2,P2,Open,SyntheticScanner
FND-000605,APP-0017,Open Banking API,production,CVE-2026-21401,pkg:maven/org.apache.logging.log4j/log4j-core@9.10.7?instance=3,9.2,0.4026,False,False,High,7.6,P1,Accepted - dead/unreachable code,SyntheticScanner
FND-000606,APP-0017,Open Banking API,production,CVE-2025-29927,pkg:maven/com.fasterxml.jackson.core/jackson-databind@4.3.5?instance=36,5.7,0.2494,False,True,High,6.5,P2,Open,SyntheticScanner
FND-000607,APP-0017,Open Banking API,production,CVE-2021-44228,pkg:maven/io.netty/netty-handler@6.12.10?instance=7,5.7,0.1845,False,True,High,6.3,P2,Open,SyntheticScanner
FND-000608,APP-0017,Open Banking API,production,CVE-2025-29927,pkg:maven/org.hibernate/hibernate-core@3.18.2?instance=28,9.6,0.0362,False,False,High,6.5,P2,Accepted - dead/unreachable code,SyntheticScanner
FND-000609,APP-0017,Open Banking API,production,CVE-2025-29927,pkg:maven/org.apache.commons/commons-text@2.11.10?instance=15,8.1,0.7229,False,True,High,10,P1,Open,SyntheticScanner
FND-000610,APP-0017,Open Banking API,production,CVE-2023-44487,pkg:maven/org.postgresql/postgresql@5.17.8?instance=6,6.5,0.1393,False,False,High,4.7,P3,Accepted - dead/unreachable code,SyntheticScanner
FND-000611,APP-0017,Open Banking API,production,CVE-2024-21626,pkg:maven/com.fasterxml.jackson.core/jackson-databind@4.3.5?instance=36,7.2,0.325,False,True,High,8.5,P1,Open,SyntheticScanner
FND-000612,APP-0017,Open Banking API,production,CVE-2021-44228,pkg:maven/io.netty/netty-handler@6.12.10?instance=7,9.2,0.2575,False,True,High,10,P1,Open,SyntheticScanner
FND-000613,APP-0017,Open Banking API,production,CVE-2023-38545,pkg:maven/io.netty/netty-handler@6.12.10?instance=7,7.6,0.3476,False,False,High,6.1,P2,Accepted - dead/unreachable code,SyntheticScanner
FND-000614,APP-0017,Open Banking API,production,CVE-2021-44228,pkg:maven/org.yaml/snakeyaml@4.1.5?instance=1,4.1,0.0985,False,False,High,2.9,P3,Accepted - dead/unreachable code,SyntheticScanner
FND-000615,APP-0017,Open Banking API,production,CVE-2026-21401,pkg:maven/org.apache.logging.log4j/log4j-core@8.2.3?instance=11,4.9,0.1486,False,True,High,5.3,P2,Open,SyntheticScanner
FND-000616,APP-0017,Open Banking API,production,CVE-2021-44228,pkg:maven/com.fasterxml.jackson.core/jackson-databind@1.8.0?instance=37,6.8,0.2153,False,True,High,7.6,P1,Open,SyntheticScanner
FND-000617,APP-0017,Open Banking API,production,CVE-2023-38545,pkg:maven/org.hibernate/hibernate-core@6.20.9?instance=4,9.7,0.1137,False,True,High,10,P1,Open,SyntheticScanner
FND-000618,APP-0017,Open Banking API,production,CVE-2023-44487,pkg:maven/org.postgresql/postgresql@1.1.7?instance=13,6.5,0.275,False,True,High,7.5,P1,Open,SyntheticScanner
FND-000619,APP-0017,Open Banking API,production,CVE-2025-29927,pkg:maven/org.hibernate/hibernate-core@6.20.9?instance=4,5.0,0.2656,False,True,High,5.7,P2,Open,SyntheticScanner
FND-000620,APP-0017,Open Banking API,production,CVE-2024-21626,pkg:maven/org.springframework/spring-core@6.10.3?instance=45,4.1,0.1636,False,True,High,4.4,P3,Open,SyntheticScanner
FND-000621,APP-0017,Open Banking API,preproduction,CVE-2024-21626,pkg:maven/io.netty/netty-handler@3.2.3?instance=5,6.6,0.6935,False,True,High,9.4,P1,Open,SyntheticScanner
FND-000622,APP-0017,Open Banking API,preproduction,CVE-2026-21401,pkg:maven/org.springframework/spring-core@6.12.3?instance=31,9.6,0.2169,False,True,High,10,P1,Open,SyntheticScanner
FND-000623,APP-0017,Open Banking API,preproduction,CVE-2023-44487,pkg:maven/org.yaml/snakeyaml@4.1.9?instance=54,5.0,0.2203,False,False,High,3.8,P3,Accepted - dead/unreachable code,SyntheticScanner
FND-000624,APP-0017,Open Banking API,preproduction,CVE-2021-44228,pkg:maven/com.fasterxml.jackson.core/jackson-databind@9.10.4?instance=38,7.1,0.0801,False,False,High,4.9,P3,Accepted - dead/unreachable code,SyntheticScanner
FND-000625,APP-0017,Open Banking API,preproduction,CVE-2024-21626,pkg:maven/org.yaml/snakeyaml@5.12.9?instance=49,4.8,0.326,False,True,High,5.7,P2,Open,SyntheticScanner
FND-000626,APP-0017,Open Banking API,preproduction,CVE-2025-24813,pkg:maven/org.apache.logging.log4j/log4j-core@7.12.6?instance=27,7.3,0.1952,False,False,High,5.4,P2,Accepted - dead/unreachable code,SyntheticScanner
FND-000627,APP-0017,Open Banking API,preproduction,CVE-2025-24813,pkg:maven/com.fasterxml.jackson.core/jackson-databind@9.10.4?instance=38,7.6,0.191,False,True,High,8.4,P1,Open,SyntheticScanner
FND-000628,APP-0017,Open Banking API,preproduction,CVE-2024-21626,pkg:maven/com.fasterxml.jackson.core/jackson-databind@7.12.8?instance=20,7.6,0.2992,False,False,High,6.0,P2,Accepted - dead/unreachable code,SyntheticScanner
FND-000629,APP-0017,Open Banking API,preproduction,CVE-2025-24813,pkg:maven/org.apache.logging.log4j/log4j-core@7.12.6?instance=27,7.6,0.3734,False,True,High,9.3,P1,Open,SyntheticScanner
FND-000630,APP-0017,Open Banking API,preproduction,CVE-2022-22965,pkg:maven/org.springframework/spring-core@2.13.10?instance=41,9.0,0.1108,False,True,High,9.5,P1,Open,SyntheticScanner
FND-000631,APP-0017,Open Banking API,preproduction,CVE-2024-21626,pkg:maven/org.springframework/spring-core@6.12.3?instance=31,5.8,0.1778,False,False,High,4.2,P3,Accepted - dead/unreachable code,SyntheticScanner
FND-000632,APP-0017,Open Banking API,preproduction,CVE-2024-3094,pkg:maven/io.netty/netty-handler@7.16.4?instance=65,7.9,0.2215,False,False,High,5.9,P2,Accepted - dead/unreachable code,SyntheticScanner
FND-000633,APP-0017,Open Banking API,preproduction,CVE-2024-21626,pkg:maven/io.netty/netty-handler@8.14.9?instance=26,5.2,0.1237,False,True,High,5.5,P2,Open,SyntheticScanner
FND-000634,APP-0017,Open Banking API,preproduction,CVE-2024-3094,pkg:maven/org.yaml/snakeyaml@2.17.6?instance=28,8.5,0.0466,False,False,High,5.8,P2,Accepted - dead/unreachable code,SyntheticScanner
FND-000635,APP-0017,Open Banking API,preproduction,CVE-2026-21401,pkg:maven/io.netty/netty-handler@6.15.2?instance=22,7.8,0.1599,False,False,High,5.7,P2,Accepted - dead/unreachable code,SyntheticScanner
FND-000636,APP-0017,Open Banking API,preproduction,CVE-2023-44487,pkg:maven/org.apache.commons/commons-text@9.17.9?instance=35,9.3,0.1679,False,False,High,6.8,P2,Accepted - dead/unreachable code,SyntheticScanner
FND-000637,APP-0017,Open Banking API,preproduction,CVE-2025-29927,pkg:maven/io.netty/netty-handler@2.3.11?instance=42,4.7,0.243,False,False,High,3.6,P3,Accepted - dead/unreachable code,SyntheticScanner
FND-000638,APP-0017,Open Banking API,preproduction,CVE-2024-3094,pkg:maven/org.apache.logging.log4j/log4j-core@7.12.6?instance=27,7.5,0.6797,False,True,High,10,P1,Open,SyntheticScanner
FND-000639,APP-0017,Open Banking API,preproduction,CVE-2025-32463,pkg:maven/org.yaml/snakeyaml@5.12.9?instance=49,7.5,0.2401,False,False,High,5.7,P2,Accepted - dead/unreachable code,SyntheticScanner
FND-000640,APP-0018,Batch Reconciliation,production,CVE-2023-38545,pkg:maven/org.yaml/snakeyaml@6.15.5?instance=18,7.0,0.1916,False,False,High,5.2,P2,Accepted - dead/unreachable code,SyntheticScanner
FND-000641,APP-0018,Batch Reconciliation,production,CVE-2026-21401,pkg:maven/org.apache.logging.log4j/log4j-core@3.18.8?instance=51,8.3,0.0969,False,True,High,8.7,P1,Open,SyntheticScanner
FND-000642,APP-0018,Batch Reconciliation,production,CVE-2022-22965,pkg:maven/com.fasterxml.jackson.core/jackson-databind@8.20.11?instance=4,5.2,0.1632,False,False,High,3.8,P3,Accepted - dead/unreachable code,SyntheticScanner
FND-000643,APP-0018,Batch Reconciliation,production,CVE-2024-3094,pkg:maven/org.apache.logging.log4j/log4j-core@3.18.8?instance=51,8.4,0.1112,False,False,High,5.9,P2,Accepted - dead/unreachable code,SyntheticScanner
FND-000644,APP-0018,Batch Reconciliation,production,CVE-2024-21626,pkg:maven/org.apache.commons/commons-text@3.20.2?instance=19,8.7,0.4635,False,False,High,7.4,P2,Accepted - dead/unreachable code,SyntheticScanner
FND-000645,APP-0018,Batch Reconciliation,production,CVE-2024-3094,pkg:maven/org.yaml/snakeyaml@6.15.5?instance=18,5.4,0.1313,True,True,High,7.4,P2,Open,SyntheticScanner
FND-000646,APP-0018,Batch Reconciliation,production,CVE-2026-21401,pkg:maven/org.postgresql/postgresql@6.14.7?instance=3,8.7,0.1778,False,True,High,9.5,P1,Open,SyntheticScanner
FND-000647,APP-0018,Batch Reconciliation,production,CVE-2022-22965,pkg:maven/org.hibernate/hibernate-core@5.19.1?instance=8,4.6,0.016,False,True,High,4.6,P3,Open,SyntheticScanner
FND-000648,APP-0018,Batch Reconciliation,production,CVE-2026-21401,pkg:maven/org.postgresql/postgresql@8.9.11?instance=47,4.5,0.2793,True,True,High,6.7,P2,Open,SyntheticScanner
FND-000649,APP-0018,Batch Reconciliation,production,CVE-2023-38545,pkg:maven/org.apache.commons/commons-text@2.7.12?instance=55,5.5,0.1116,False,False,High,3.9,P3,Accepted - dead/unreachable code,SyntheticScanner
FND-000650,APP-0018,Batch Reconciliation,production,CVE-2023-44487,pkg:maven/org.springframework/spring-core@5.3.4?instance=29,6.2,0.129,True,True,High,8.5,P1,Open,SyntheticScanner
FND-000651,APP-0018,Batch Reconciliation,production,CVE-2023-38545,pkg:maven/org.postgresql/postgresql@7.20.6?instance=22,9.9,0.2362,True,True,High,10,P1,Open,SyntheticScanner
FND-000652,APP-0018,Batch Reconciliation,production,CVE-2024-21626,pkg:maven/org.apache.logging.log4j/log4j-core@8.5.7?instance=33,5.7,0.5487,False,False,High,5.1,P2,Accepted - dead/unreachable code,SyntheticScanner
FND-000653,APP-0018,Batch Reconciliation,production,CVE-2025-24813,pkg:maven/com.fasterxml.jackson.core/jackson-databind@7.10.0?instance=36,9.8,0.4489,False,False,High,8.3,P1,Accepted - dead/unreachable code,SyntheticScanner
FND-000654,APP-0018,Batch Reconciliation,production,CVE-2025-32463,pkg:maven/org.postgresql/postgresql@8.18.3?instance=42,5.2,0.0092,False,True,High,5.1,P2,Open,SyntheticScanner
FND-000655,APP-0018,Batch Reconciliation,production,CVE-2025-32463,pkg:maven/org.apache.commons/commons-text@3.20.2?instance=19,8.4,0.8051,False,False,High,8.4,P1,Accepted - dead/unreachable code,SyntheticScanner
FND-000656,APP-0018,Batch Reconciliation,production,CVE-2023-44487,pkg:maven/io.netty/netty-handler@6.20.1?instance=5,6.3,0.1244,False,True,High,6.7,P2,Open,SyntheticScanner
FND-000657,APP-0018,Batch Reconciliation,production,CVE-2026-21401,pkg:maven/org.yaml/snakeyaml@5.10.9?instance=48,9.5,0.1748,False,False,High,6.9,P2,Accepted - dead/unreachable code,SyntheticScanner
FND-000658,APP-0018,Batch Reconciliation,production,CVE-2025-24813,pkg:maven/org.postgresql/postgresql@1.8.3?instance=17,4.6,0.1015,False,False,High,3.2,P3,Accepted - dead/unreachable code,SyntheticScanner
FND-000659,APP-0018,Batch Reconciliation,production,CVE-2024-3094,pkg:maven/org.apache.logging.log4j/log4j-core@6.11.6?instance=38,6.0,0.5297,False,True,High,7.9,P1,Open,SyntheticScanner
FND-000660,APP-0018,Batch Reconciliation,production,CVE-2025-29927,pkg:maven/org.hibernate/hibernate-core@5.19.1?instance=8,5.4,0.0065,False,True,High,5.3,P2,Open,SyntheticScanner
FND-000661,APP-0018,Batch Reconciliation,production,CVE-2023-38545,pkg:maven/com.fasterxml.jackson.core/jackson-databind@7.10.0?instance=36,7.1,0.574,True,True,High,10,P1,Open,SyntheticScanner
FND-000662,APP-0018,Batch Reconciliation,preproduction,CVE-2022-22965,pkg:maven/io.netty/netty-handler@4.8.8?instance=46,5.7,0.3444,False,False,High,4.6,P3,Accepted - dead/unreachable code,SyntheticScanner
FND-000663,APP-0018,Batch Reconciliation,preproduction,CVE-2023-38545,pkg:maven/io.netty/netty-handler@7.20.2?instance=20,7.6,0.4125,True,True,High,10,P1,Open,SyntheticScanner
FND-000664,APP-0018,Batch Reconciliation,preproduction,CVE-2025-29927,pkg:maven/org.apache.logging.log4j/log4j-core@6.10.3?instance=34,8.0,0.3113,False,True,High,9.4,P1,Open,SyntheticScanner
FND-000665,APP-0018,Batch Reconciliation,preproduction,CVE-2025-24813,pkg:maven/io.netty/netty-handler@7.20.2?instance=20,7.0,0.288,True,True,High,10,P1,Open,SyntheticScanner
FND-000666,APP-0018,Batch Reconciliation,preproduction,CVE-2025-32463,pkg:maven/org.yaml/snakeyaml@6.16.8?instance=67,8.8,0.3783,True,True,High,10,P1,Open,SyntheticScanner
FND-000667,APP-0018,Batch Reconciliation,preproduction,CVE-2025-29927,pkg:maven/org.apache.commons/commons-text@2.10.5?instance=15,5.4,0.2125,False,False,High,4.0,P3,Accepted - dead/unreachable code,SyntheticScanner
FND-000668,APP-0018,Batch Reconciliation,preproduction,CVE-2024-3094,pkg:maven/com.fasterxml.jackson.core/jackson-databind@3.16.0?instance=32,7.3,0.0063,True,True,High,9.2,P1,Open,SyntheticScanner
FND-000669,APP-0018,Batch Reconciliation,preproduction,CVE-2023-38545,pkg:maven/org.springframework/spring-core@5.15.11?instance=60,8.5,0.3619,False,True,High,10,P1,Open,SyntheticScanner
FND-000670,APP-0018,Batch Reconciliation,preproduction,CVE-2022-22965,pkg:maven/org.hibernate/hibernate-core@6.9.0?instance=17,4.8,0.1717,True,True,High,6.7,P2,Open,SyntheticScanner
FND-000671,APP-0018,Batch Reconciliation,preproduction,CVE-2026-21401,pkg:maven/com.fasterxml.jackson.core/jackson-databind@6.13.0?instance=38,4.5,0.5267,False,False,High,4.0,P3,Accepted - dead/unreachable code,SyntheticScanner
FND-000672,APP-0018,Batch Reconciliation,preproduction,CVE-2024-3094,pkg:maven/org.springframework/spring-core@9.6.11?instance=3,7.4,0.3386,True,True,High,10,P1,Open,SyntheticScanner
FND-000673,APP-0018,Batch Reconciliation,preproduction,CVE-2024-21626,pkg:maven/org.postgresql/postgresql@1.14.12?instance=65,4.5,0.2439,True,True,High,6.6,P2,Open,SyntheticScanner
FND-000674,APP-0018,Batch Reconciliation,preproduction,CVE-2023-44487,pkg:maven/org.yaml/snakeyaml@1.16.8?instance=0,4.8,0.1003,True,True,High,6.4,P2,Open,SyntheticScanner
FND-000675,APP-0018,Batch Reconciliation,preproduction,CVE-2024-3094,pkg:maven/org.yaml/snakeyaml@4.16.5?instance=18,6.2,0.3729,False,False,High,5.1,P2,Accepted - dead/unreachable code,SyntheticScanner
FND-000676,APP-0018,Batch Reconciliation,preproduction,CVE-2026-21401,pkg:maven/org.apache.logging.log4j/log4j-core@7.15.5?instance=40,8.3,0.5689,True,True,High,10,P1,Open,SyntheticScanner
FND-000677,APP-0018,Batch Reconciliation,preproduction,CVE-2024-3094,pkg:maven/org.apache.commons/commons-text@4.4.12?instance=52,5.5,0.2036,False,True,High,6.1,P2,Open,SyntheticScanner
FND-000678,APP-0018,Batch Reconciliation,preproduction,CVE-2025-32463,pkg:maven/org.springframework/spring-core@2.9.5?instance=16,7.6,0.0731,False,False,High,5.2,P2,Accepted - dead/unreachable code,SyntheticScanner
FND-000679,APP-0018,Batch Reconciliation,preproduction,CVE-2022-22965,pkg:maven/org.apache.logging.log4j/log4j-core@1.1.1?instance=2,6.9,0.2658,False,True,High,7.9,P1,Open,SyntheticScanner
FND-000680,APP-0018,Batch Reconciliation,preproduction,CVE-2024-21626,pkg:maven/io.netty/netty-handler@4.8.8?instance=46,9.8,0.2208,False,False,High,7.4,P2,Accepted - dead/unreachable code,SyntheticScanner
FND-000681,APP-0018,Batch Reconciliation,preproduction,CVE-2022-22965,pkg:maven/org.hibernate/hibernate-core@8.5.5?instance=66,5.4,0.364,True,True,High,8.4,P1,Open,SyntheticScanner
FND-000682,APP-0018,Batch Reconciliation,preproduction,CVE-2022-22965,pkg:maven/org.apache.logging.log4j/log4j-core@6.8.10?instance=48,4.7,0.0884,False,False,High,3.3,P3,Accepted - dead/unreachable code,SyntheticScanner
FND-000683,APP-0019,KYC Service,production,CVE-2024-3094,pkg:golang/golang.org/x/crypto@4.3.3?instance=47,6.1,0.2228,False,True,Medium,6.1,P2,Open,SyntheticScanner
FND-000684,APP-0019,KYC Service,production,CVE-2024-3094,pkg:golang/github.com/spf13/viper@8.3.11?instance=28,5.5,0.1774,True,True,Medium,6.9,P2,Open,SyntheticScanner
FND-000685,APP-0019,KYC Service,production,CVE-2025-29927,pkg:golang/github.com/go-sql-driver/mysql@3.13.4?instance=30,9.2,0.0953,False,True,Medium,8.6,P1,Open,SyntheticScanner
FND-000686,APP-0019,KYC Service,production,CVE-2023-38545,pkg:golang/go.uber.org/zap@5.19.10?instance=10,9.2,0.3897,True,True,Medium,10,P1,Open,SyntheticScanner
FND-000687,APP-0019,KYC Service,production,CVE-2026-21401,pkg:golang/go.uber.org/zap@7.0.2?instance=38,5.9,0.1507,False,True,Medium,5.7,P2,Open,SyntheticScanner
FND-000688,APP-0019,KYC Service,production,CVE-2025-29927,pkg:golang/google.golang.org/grpc@2.18.4?instance=29,9.4,0.3744,True,True,Medium,10,P1,Open,SyntheticScanner
FND-000689,APP-0019,KYC Service,production,CVE-2022-22965,pkg:golang/github.com/gorilla/mux@7.11.12?instance=2,5.2,0.3356,False,True,Medium,5.5,P2,Open,SyntheticScanner
FND-000690,APP-0019,KYC Service,production,CVE-2023-38545,pkg:golang/github.com/gorilla/mux@9.6.0?instance=0,6.2,0.1556,True,True,Medium,7.7,P1,Open,SyntheticScanner
FND-000691,APP-0019,KYC Service,production,CVE-2023-38545,pkg:golang/github.com/go-sql-driver/mysql@7.19.5?instance=31,9.1,0.0974,False,False,Medium,5.7,P2,Accepted - dead/unreachable code,SyntheticScanner
FND-000692,APP-0019,KYC Service,production,CVE-2023-38545,pkg:golang/github.com/gorilla/mux@9.6.0?instance=0,6.1,0.3765,True,True,Medium,8.5,P1,Open,SyntheticScanner
FND-000693,APP-0019,KYC Service,production,CVE-2022-22965,pkg:golang/github.com/prometheus/client_golang@5.7.0?instance=33,9.0,0.0365,False,False,Medium,5.4,P2,Accepted - dead/unreachable code,SyntheticScanner
FND-000694,APP-0019,KYC Service,production,CVE-2021-44228,pkg:golang/golang.org/x/crypto@3.7.3?instance=41,5.7,0.3105,True,True,Medium,7.7,P1,Open,SyntheticScanner
FND-000695,APP-0019,KYC Service,production,CVE-2023-38545,pkg:golang/google.golang.org/grpc@1.18.1?instance=16,5.5,0.7719,True,True,Medium,9.3,P1,Open,SyntheticScanner
FND-000696,APP-0019,KYC Service,production,CVE-2025-29927,pkg:golang/go.uber.org/zap@5.19.10?instance=10,5.0,0.0337,True,True,Medium,5.7,P2,Open,SyntheticScanner
FND-000697,APP-0019,KYC Service,preproduction,CVE-2026-21401,pkg:golang/go.uber.org/zap@6.16.8?instance=2,7.9,0.372,False,True,Medium,8.6,P1,Open,SyntheticScanner
FND-000698,APP-0019,KYC Service,preproduction,CVE-2025-24813,pkg:golang/golang.org/x/crypto@6.2.7?instance=72,8.5,0.2371,False,True,Medium,8.6,P1,Open,SyntheticScanner
FND-000699,APP-0019,KYC Service,preproduction,CVE-2023-44487,pkg:golang/github.com/gin-gonic/gin@7.14.10?instance=19,9.1,0.2447,False,False,Medium,6.2,P2,Accepted - dead/unreachable code,SyntheticScanner
FND-000700,APP-0019,KYC Service,preproduction,CVE-2025-24813,pkg:golang/golang.org/x/crypto@9.10.9?instance=38,4.5,0.0652,False,True,Medium,4.1,P3,Open,SyntheticScanner
FND-000701,APP-0019,KYC Service,preproduction,CVE-2026-21401,pkg:golang/github.com/gorilla/mux@8.5.5?instance=10,4.3,0.2869,False,False,Medium,3.0,P3,Accepted - dead/unreachable code,SyntheticScanner
FND-000702,APP-0019,KYC Service,preproduction,CVE-2026-21401,pkg:golang/github.com/gin-gonic/gin@7.14.10?instance=19,4.7,0.283,False,False,Medium,3.3,P3,Accepted - dead/unreachable code,SyntheticScanner
FND-000703,APP-0019,KYC Service,preproduction,CVE-2023-44487,pkg:golang/google.golang.org/grpc@9.14.6?instance=13,8.3,0.1517,True,True,Medium,10,P1,Open,SyntheticScanner
FND-000704,APP-0019,KYC Service,preproduction,CVE-2025-32463,pkg:golang/go.uber.org/zap@6.16.8?instance=2,7.4,0.0604,True,True,Medium,8.6,P1,Open,SyntheticScanner
FND-000705,APP-0019,KYC Service,preproduction,CVE-2023-44487,pkg:golang/golang.org/x/crypto@1.20.1?instance=69,8.2,0.222,False,True,Medium,8.2,P1,Open,SyntheticScanner
FND-000706,APP-0019,KYC Service,preproduction,CVE-2025-24813,pkg:golang/github.com/gorilla/mux@8.20.0?instance=55,5.0,0.1414,True,True,Medium,6.1,P2,Open,SyntheticScanner
FND-000707,APP-0019,KYC Service,preproduction,CVE-2025-24813,pkg:golang/golang.org/x/crypto@8.2.4?instance=21,4.0,0.7544,False,False,Medium,3.5,P3,Accepted - dead/unreachable code,SyntheticScanner
FND-000708,APP-0019,KYC Service,preproduction,CVE-2025-24813,pkg:golang/go.uber.org/zap@5.4.8?instance=49,4.7,0.4419,True,True,Medium,6.8,P2,Open,SyntheticScanner
FND-000709,APP-0019,KYC Service,preproduction,CVE-2023-44487,pkg:golang/golang.org/x/crypto@6.2.7?instance=72,5.5,0.1455,False,False,Medium,3.5,P3,Accepted - dead/unreachable code,SyntheticScanner
FND-000710,APP-0019,KYC Service,preproduction,CVE-2023-38545,pkg:golang/github.com/spf13/viper@4.15.9?instance=54,8.7,0.4621,True,True,Medium,10,P1,Open,SyntheticScanner
FND-000711,APP-0019,KYC Service,preproduction,CVE-2025-32463,pkg:golang/github.com/go-sql-driver/mysql@6.0.7?instance=6,9.8,0.0519,False,True,Medium,8.9,P1,Open,SyntheticScanner
FND-000712,APP-0019,KYC Service,preproduction,CVE-2025-24813,pkg:golang/go.uber.org/zap@5.13.6?instance=36,4.7,0.4926,False,False,Medium,3.6,P3,Accepted - dead/unreachable code,SyntheticScanner
FND-000713,APP-0019,KYC Service,preproduction,CVE-2026-21401,pkg:golang/github.com/gin-gonic/gin@7.14.10?instance=19,9.6,0.2804,False,False,Medium,6.7,P2,Accepted - dead/unreachable code,SyntheticScanner
FND-000714,APP-0019,KYC Service,preproduction,CVE-2024-3094,pkg:golang/github.com/spf13/viper@2.18.9?instance=41,5.0,0.0982,True,True,Medium,6.0,P2,Open,SyntheticScanner
FND-000715,APP-0019,KYC Service,preproduction,CVE-2025-29927,pkg:golang/google.golang.org/grpc@5.18.3?instance=66,7.9,0.4614,True,True,Medium,10,P1,Open,SyntheticScanner
FND-000716,APP-0020,Document Signature,production,CVE-2024-3094,pkg:npm/minimist@8.8.2?instance=55,8.4,0.3894,True,True,High,10,P1,Open,SyntheticScanner
FND-000717,APP-0020,Document Signature,production,CVE-2022-22965,pkg:npm/react@7.5.3?instance=45,5.4,0.2443,False,False,High,4.1,P3,Accepted - dead/unreachable code,SyntheticScanner
FND-000718,APP-0020,Document Signature,production,CVE-2024-21626,pkg:npm/express@1.18.8?instance=6,5.0,0.5074,True,True,High,8.4,P1,Open,SyntheticScanner
FND-000719,APP-0020,Document Signature,production,CVE-2025-24813,pkg:npm/jsonwebtoken@7.12.10?instance=64,4.7,0.1032,False,False,High,3.3,P3,Accepted - dead/unreachable code,SyntheticScanner
FND-000720,APP-0020,Document Signature,production,CVE-2022-22965,pkg:npm/jsonwebtoken@8.10.12?instance=57,7.0,0.1795,True,True,High,9.8,P1,Open,SyntheticScanner
FND-000721,APP-0020,Document Signature,production,CVE-2025-24813,pkg:npm/express@1.18.8?instance=6,4.6,0.0409,False,True,High,4.6,P3,Open,SyntheticScanner
FND-000722,APP-0020,Document Signature,production,CVE-2025-29927,pkg:npm/webpack@2.11.4?instance=5,8.7,0.0019,True,True,High,10,P1,Open,SyntheticScanner
FND-000723,APP-0020,Document Signature,production,CVE-2022-22965,pkg:npm/lodash@8.13.1?instance=70,4.2,0.3496,False,False,High,3.4,P3,Accepted - dead/unreachable code,SyntheticScanner
FND-000724,APP-0020,Document Signature,production,CVE-2025-32463,pkg:npm/react@7.5.3?instance=45,9.3,0.0625,True,True,High,10,P1,Open,SyntheticScanner
FND-000725,APP-0020,Document Signature,production,CVE-2023-44487,pkg:npm/lodash@6.17.10?instance=47,7.7,0.4283,False,False,High,6.5,P2,Accepted - dead/unreachable code,SyntheticScanner
FND-000726,APP-0020,Document Signature,production,CVE-2025-29927,pkg:npm/minimist@3.3.7?instance=19,5.3,0.4565,False,True,High,6.7,P2,Open,SyntheticScanner
FND-000727,APP-0020,Document Signature,production,CVE-2022-22965,pkg:npm/minimist@6.18.10?instance=18,6.7,0.3178,True,True,High,10,P1,Open,SyntheticScanner
FND-000728,APP-0020,Document Signature,production,CVE-2026-21401,pkg:npm/minimist@5.18.6?instance=39,9.6,0.1895,True,True,High,10,P1,Open,SyntheticScanner
FND-000729,APP-0020,Document Signature,production,CVE-2022-22965,pkg:npm/jsonwebtoken@6.10.11?instance=4,9.1,0.6947,True,True,High,10,P1,Open,SyntheticScanner
FND-000730,APP-0020,Document Signature,production,CVE-2024-21626,pkg:npm/express@8.18.0?instance=48,6.8,0.2418,False,True,High,7.7,P1,Open,SyntheticScanner
FND-000731,APP-0020,Document Signature,production,CVE-2025-32463,pkg:npm/jsonwebtoken@7.12.10?instance=64,8.8,0.2628,False,True,High,10,P1,Open,SyntheticScanner
FND-000732,APP-0020,Document Signature,production,CVE-2024-3094,pkg:npm/react@7.5.3?instance=45,4.9,0.2388,False,True,High,5.5,P2,Open,SyntheticScanner
FND-000733,APP-0020,Document Signature,production,CVE-2024-21626,pkg:npm/react@5.20.9?instance=69,8.3,0.1609,True,True,High,10,P1,Open,SyntheticScanner
FND-000734,APP-0020,Document Signature,production,CVE-2023-44487,pkg:npm/express@6.16.11?instance=8,6.2,0.6131,False,True,High,8.5,P1,Open,SyntheticScanner
FND-000735,APP-0020,Document Signature,production,CVE-2023-44487,pkg:npm/express@7.17.1?instance=9,9.2,0.4642,False,False,High,7.9,P1,Accepted - dead/unreachable code,SyntheticScanner
FND-000736,APP-0020,Document Signature,production,CVE-2022-22965,pkg:npm/express@1.18.8?instance=6,4.2,0.0774,False,False,High,2.9,P3,Accepted - dead/unreachable code,SyntheticScanner
FND-000737,APP-0020,Document Signature,production,CVE-2023-38545,pkg:npm/minimist@6.18.10?instance=18,9.0,0.2233,False,False,High,6.8,P2,Accepted - dead/unreachable code,SyntheticScanner
FND-000738,APP-0020,Document Signature,production,CVE-2024-3094,pkg:npm/jsonwebtoken@2.9.2?instance=33,4.5,0.4071,True,True,High,7.2,P2,Open,SyntheticScanner
FND-000739,APP-0020,Document Signature,production,CVE-2025-29927,pkg:npm/react@7.5.3?instance=45,6.0,0.1893,False,False,High,4.4,P3,Accepted - dead/unreachable code,SyntheticScanner
FND-000740,APP-0020,Document Signature,production,CVE-2022-22965,pkg:npm/lodash@3.20.7?instance=54,7.8,0.1779,False,False,High,5.7,P2,Accepted - dead/unreachable code,SyntheticScanner
FND-000741,APP-0020,Document Signature,production,CVE-2025-32463,pkg:npm/express@7.17.1?instance=9,6.8,0.5305,False,True,High,9.0,P1,Open,SyntheticScanner
FND-000742,APP-0020,Document Signature,production,CVE-2025-32463,pkg:npm/minimist@6.3.7?instance=43,6.9,0.0437,False,True,High,7.0,P2,Open,SyntheticScanner
FND-000743,APP-0020,Document Signature,production,CVE-2021-44228,pkg:npm/lodash@8.13.1?instance=70,8.0,0.2557,True,True,High,10,P1,Open,SyntheticScanner
FND-000744,APP-0020,Document Signature,production,CVE-2024-3094,pkg:npm/jsonwebtoken@2.9.2?instance=33,4.4,0.0941,True,True,High,5.9,P2,Open,SyntheticScanner
FND-000745,APP-0020,Document Signature,preproduction,CVE-2024-3094,pkg:npm/jsonwebtoken@7.2.10?instance=20,8.4,0.4212,False,False,High,7.0,P2,Accepted - dead/unreachable code,SyntheticScanner
FND-000746,APP-0020,Document Signature,preproduction,CVE-2026-21401,pkg:npm/express@6.16.4?instance=54,8.3,0.1962,False,True,High,9.2,P1,Open,SyntheticScanner
FND-000747,APP-0020,Document Signature,preproduction,CVE-2025-24813,pkg:npm/webpack@3.0.12?instance=16,7.9,0.3776,False,False,High,6.5,P2,Accepted - dead/unreachable code,SyntheticScanner
FND-000748,APP-0020,Document Signature,preproduction,CVE-2026-21401,pkg:npm/jsonwebtoken@8.10.6?instance=38,7.2,0.4717,False,False,High,6.2,P2,Accepted - dead/unreachable code,SyntheticScanner
FND-000749,APP-0020,Document Signature,preproduction,CVE-2023-44487,pkg:npm/moment@9.0.9?instance=3,8.0,0.099,False,True,High,8.4,P1,Open,SyntheticScanner
FND-000750,APP-0020,Document Signature,preproduction,CVE-2023-44487,pkg:npm/minimist@3.15.1?instance=22,8.5,0.3503,True,True,High,10,P1,Open,SyntheticScanner
FND-000751,APP-0020,Document Signature,preproduction,CVE-2022-22965,pkg:npm/jsonwebtoken@5.2.3?instance=62,6.3,0.1989,False,False,High,4.7,P3,Accepted - dead/unreachable code,SyntheticScanner
FND-000752,APP-0020,Document Signature,preproduction,CVE-2025-24813,pkg:npm/moment@1.14.8?instance=21,9.4,0.1051,True,True,High,10,P1,Open,SyntheticScanner
FND-000753,APP-0020,Document Signature,preproduction,CVE-2023-44487,pkg:npm/express@7.11.7?instance=58,4.2,0.0161,False,False,High,2.8,P3,Accepted - dead/unreachable code,SyntheticScanner
FND-000754,APP-0020,Document Signature,preproduction,CVE-2021-44228,pkg:npm/axios@7.4.4?instance=55,6.4,0.0299,False,True,High,6.4,P2,Open,SyntheticScanner
FND-000755,APP-0020,Document Signature,preproduction,CVE-2024-3094,pkg:npm/express@8.4.5?instance=9,6.2,0.5655,False,False,High,5.6,P2,Accepted - dead/unreachable code,SyntheticScanner
FND-000756,APP-0020,Document Signature,preproduction,CVE-2021-44228,pkg:npm/express@1.2.1?instance=10,5.2,0.1532,False,False,High,3.8,P3,Accepted - dead/unreachable code,SyntheticScanner
FND-000757,APP-0020,Document Signature,preproduction,CVE-2023-44487,pkg:npm/react@2.12.10?instance=31,5.9,0.0437,False,False,High,4.0,P3,Accepted - dead/unreachable code,SyntheticScanner
FND-000758,APP-0020,Document Signature,preproduction,CVE-2025-29927,pkg:npm/axios@6.7.4?instance=37,9.2,0.2364,True,True,High,10,P1,Open,SyntheticScanner
FND-000759,APP-0020,Document Signature,preproduction,CVE-2025-29927,pkg:npm/express@8.13.10?instance=18,4.7,0.122,True,True,High,6.4,P2,Open,SyntheticScanner
FND-000760,APP-0020,Document Signature,preproduction,CVE-2025-32463,pkg:npm/jsonwebtoken@7.2.10?instance=20,8.2,0.7246,False,False,High,7.9,P1,Accepted - dead/unreachable code,SyntheticScanner
FND-000761,APP-0020,Document Signature,preproduction,CVE-2023-44487,pkg:npm/express@4.11.12?instance=5,6.7,0.3811,False,False,High,5.5,P2,Accepted - dead/unreachable code,SyntheticScanner
FND-000762,APP-0020,Document Signature,preproduction,CVE-2023-38545,pkg:npm/express@6.7.10?instance=24,4.0,0.3212,False,False,High,3.2,P3,Accepted - dead/unreachable code,SyntheticScanner
FND-000763,APP-0020,Document Signature,preproduction,CVE-2025-32463,pkg:npm/lodash@5.2.3?instance=36,8.3,0.3018,True,True,High,10,P1,Open,SyntheticScanner
FND-000764,APP-0020,Document Signature,preproduction,CVE-2025-32463,pkg:npm/lodash@5.2.3?instance=36,6.7,0.2663,False,False,High,5.2,P2,Accepted - dead/unreachable code,SyntheticScanner
FND-000765,APP-0020,Document Signature,preproduction,CVE-2026-21401,pkg:npm/webpack@4.10.10?instance=40,6.5,0.2264,False,False,High,4.9,P3,Accepted - dead/unreachable code,SyntheticScanner
FND-000766,APP-0021,Claims Portal,production,CVE-2025-24813,pkg:golang/github.com/go-sql-driver/mysql@3.13.12?instance=41,8.7,0.0146,False,True,Medium,7.7,P1,Open,SyntheticScanner
FND-000767,APP-0021,Claims Portal,production,CVE-2024-21626,pkg:golang/google.golang.org/grpc@5.4.1?instance=46,5.4,0.2047,False,True,Medium,5.4,P2,Open,SyntheticScanner
FND-000768,APP-0021,Claims Portal,production,CVE-2025-32463,pkg:golang/github.com/prometheus/client_golang@4.20.12?instance=6,4.0,0.2713,False,True,Medium,4.1,P3,Open,SyntheticScanner
FND-000769,APP-0021,Claims Portal,production,CVE-2025-24813,pkg:golang/github.com/spf13/viper@5.14.10?instance=9,7.4,0.8364,False,True,Medium,10.0,P1,Open,SyntheticScanner
FND-000770,APP-0021,Claims Portal,production,CVE-2025-24813,pkg:golang/github.com/prometheus/client_golang@7.20.11?instance=31,5.1,0.0237,False,True,Medium,4.5,P3,Open,SyntheticScanner
FND-000771,APP-0021,Claims Portal,production,CVE-2023-44487,pkg:golang/google.golang.org/grpc@6.7.12?instance=45,9.8,0.0623,False,True,Medium,8.9,P1,Open,SyntheticScanner
FND-000772,APP-0021,Claims Portal,production,CVE-2024-3094,pkg:golang/go.uber.org/zap@8.16.4?instance=35,4.0,0.5088,False,True,Medium,4.7,P3,Open,SyntheticScanner
FND-000773,APP-0021,Claims Portal,production,CVE-2024-3094,pkg:golang/github.com/prometheus/client_golang@7.20.0?instance=48,6.6,0.0297,False,False,Medium,3.9,P3,Accepted - dead/unreachable code,SyntheticScanner
FND-000774,APP-0021,Claims Portal,production,CVE-2023-44487,pkg:golang/golang.org/x/crypto@7.15.10?instance=30,6.7,0.3069,False,True,Medium,7.0,P2,Open,SyntheticScanner
FND-000775,APP-0021,Claims Portal,production,CVE-2025-32463,pkg:golang/golang.org/x/crypto@7.1.12?instance=25,6.2,0.4895,False,True,Medium,7.2,P2,Open,SyntheticScanner
FND-000776,APP-0021,Claims Portal,production,CVE-2025-24813,pkg:golang/github.com/gorilla/mux@8.0.2?instance=40,9.5,0.2707,False,True,Medium,9.8,P1,Open,SyntheticScanner
FND-000777,APP-0021,Claims Portal,production,CVE-2024-3094,pkg:golang/github.com/spf13/viper@5.14.10?instance=9,9.2,0.0431,False,True,Medium,8.3,P1,Open,SyntheticScanner
FND-000778,APP-0021,Claims Portal,production,CVE-2023-44487,pkg:golang/github.com/gin-gonic/gin@8.18.11?instance=12,9.1,0.2123,False,True,Medium,9.1,P1,Open,SyntheticScanner
FND-000779,APP-0021,Claims Portal,production,CVE-2023-38545,pkg:golang/github.com/prometheus/client_golang@8.20.0?instance=49,8.0,0.3578,False,True,Medium,8.6,P1,Open,SyntheticScanner
FND-000780,APP-0021,Claims Portal,production,CVE-2026-21401,pkg:golang/golang.org/x/crypto@6.0.3?instance=26,6.2,0.2727,False,True,Medium,6.4,P2,Open,SyntheticScanner
FND-000781,APP-0021,Claims Portal,preproduction,CVE-2025-29927,pkg:golang/github.com/gorilla/mux@9.10.5?instance=38,5.3,0.0991,False,True,Medium,4.9,P3,Open,SyntheticScanner
FND-000782,APP-0021,Claims Portal,preproduction,CVE-2025-24813,pkg:golang/github.com/prometheus/client_golang@9.8.3?instance=66,8.1,0.1089,False,True,Medium,7.6,P1,Open,SyntheticScanner
FND-000783,APP-0021,Claims Portal,preproduction,CVE-2022-22965,pkg:golang/github.com/spf13/viper@2.17.5?instance=42,7.1,0.2307,False,True,Medium,7.1,P2,Open,SyntheticScanner
FND-000784,APP-0021,Claims Portal,preproduction,CVE-2021-44228,pkg:golang/go.uber.org/zap@1.9.1?instance=21,5.1,0.1033,False,False,Medium,3.2,P3,Accepted - dead/unreachable code,SyntheticScanner
FND-000785,APP-0021,Claims Portal,preproduction,CVE-2026-21401,pkg:golang/github.com/prometheus/client_golang@9.8.3?instance=66,8.6,0.024,False,True,Medium,7.6,P1,Open,SyntheticScanner
FND-000786,APP-0021,Claims Portal,preproduction,CVE-2022-22965,pkg:golang/google.golang.org/grpc@5.20.2?instance=63,4.1,0.4109,False,False,Medium,3.0,P3,Accepted - dead/unreachable code,SyntheticScanner
FND-000787,APP-0021,Claims Portal,preproduction,CVE-2023-44487,pkg:golang/github.com/gorilla/mux@3.15.4?instance=5,4.6,0.1944,False,False,Medium,3.0,P3,Accepted - dead/unreachable code,SyntheticScanner
FND-000788,APP-0021,Claims Portal,preproduction,CVE-2023-44487,pkg:golang/github.com/prometheus/client_golang@2.1.9?instance=76,6.9,0.4125,False,True,Medium,7.7,P1,Open,SyntheticScanner
FND-000789,APP-0021,Claims Portal,preproduction,CVE-2021-44228,pkg:golang/golang.org/x/crypto@3.3.2?instance=3,8.4,0.3788,False,True,Medium,9.2,P1,Open,SyntheticScanner
FND-000790,APP-0021,Claims Portal,preproduction,CVE-2025-24813,pkg:golang/github.com/gorilla/mux@2.8.4?instance=44,7.4,0.0811,False,False,Medium,4.6,P3,Accepted - dead/unreachable code,SyntheticScanner
FND-000791,APP-0021,Claims Portal,preproduction,CVE-2025-24813,pkg:golang/go.uber.org/zap@4.2.3?instance=60,5.9,0.3044,False,False,Medium,4.1,P3,Accepted - dead/unreachable code,SyntheticScanner
FND-000792,APP-0022,Partner Gateway,production,CVE-2025-32463,pkg:npm/express@7.5.9?instance=50,6.3,0.1533,False,False,Medium,4.1,P3,Accepted - dead/unreachable code,SyntheticScanner
FND-000793,APP-0022,Partner Gateway,production,CVE-2023-38545,pkg:npm/react@3.6.1?instance=41,7.0,0.6383,True,True,Medium,10,P1,Open,SyntheticScanner
FND-000794,APP-0022,Partner Gateway,production,CVE-2024-21626,pkg:npm/express@6.9.5?instance=5,6.9,0.2804,True,True,Medium,9.2,P1,Open,SyntheticScanner
FND-000795,APP-0022,Partner Gateway,production,CVE-2024-3094,pkg:npm/lodash@2.17.12?instance=27,4.4,0.3766,False,True,Medium,4.8,P3,Open,SyntheticScanner
FND-000796,APP-0022,Partner Gateway,production,CVE-2023-44487,pkg:npm/moment@8.20.1?instance=59,8.9,0.4422,False,False,Medium,6.7,P2,Accepted - dead/unreachable code,SyntheticScanner
FND-000797,APP-0022,Partner Gateway,production,CVE-2026-21401,pkg:npm/minimist@9.1.3?instance=51,8.4,0.1648,True,True,Medium,10,P1,Open,SyntheticScanner
FND-000798,APP-0022,Partner Gateway,production,CVE-2025-29927,pkg:npm/jsonwebtoken@5.10.11?instance=63,7.7,0.0725,False,False,Medium,4.7,P3,Accepted - dead/unreachable code,SyntheticScanner
FND-000799,APP-0022,Partner Gateway,production,CVE-2023-44487,pkg:npm/axios@5.2.12?instance=16,6.6,0.1456,False,False,Medium,4.2,P3,Accepted - dead/unreachable code,SyntheticScanner
FND-000800,APP-0022,Partner Gateway,production,CVE-2024-3094,pkg:npm/axios@1.3.3?instance=40,7.9,0.261,False,False,Medium,5.4,P2,Accepted - dead/unreachable code,SyntheticScanner
FND-000801,APP-0022,Partner Gateway,production,CVE-2021-44228,pkg:npm/jsonwebtoken@5.10.11?instance=63,7.0,0.0066,True,True,Medium,7.9,P1,Open,SyntheticScanner
FND-000802,APP-0022,Partner Gateway,production,CVE-2021-44228,pkg:npm/moment@5.14.9?instance=3,8.6,0.5004,True,True,Medium,10,P1,Open,SyntheticScanner
FND-000803,APP-0022,Partner Gateway,production,CVE-2024-3094,pkg:npm/moment@8.17.2?instance=31,9.8,0.3566,False,False,Medium,7.1,P2,Accepted - dead/unreachable code,SyntheticScanner
FND-000804,APP-0022,Partner Gateway,production,CVE-2021-44228,pkg:npm/jsonwebtoken@8.5.7?instance=12,4.3,0.2301,False,True,Medium,4.3,P3,Open,SyntheticScanner
FND-000805,APP-0022,Partner Gateway,production,CVE-2025-29927,pkg:npm/moment@1.19.5?instance=72,9.7,0.1571,True,True,Medium,10,P1,Open,SyntheticScanner
FND-000806,APP-0022,Partner Gateway,production,CVE-2025-24813,pkg:npm/express@4.11.10?instance=38,7.5,0.4082,False,False,Medium,5.6,P2,Accepted - dead/unreachable code,SyntheticScanner
FND-000807,APP-0022,Partner Gateway,production,CVE-2021-44228,pkg:npm/lodash@9.4.3?instance=11,6.5,0.2219,False,False,Medium,4.4,P3,Accepted - dead/unreachable code,SyntheticScanner
FND-000808,APP-0022,Partner Gateway,production,CVE-2023-44487,pkg:npm/moment@8.20.1?instance=59,7.3,0.1703,True,True,Medium,9.1,P1,Open,SyntheticScanner
FND-000809,APP-0022,Partner Gateway,production,CVE-2021-44228,pkg:npm/jsonwebtoken@7.19.12?instance=46,4.7,0.1559,False,False,Medium,3.0,P3,Accepted - dead/unreachable code,SyntheticScanner
FND-000810,APP-0022,Partner Gateway,production,CVE-2024-21626,pkg:npm/axios@5.2.12?instance=16,5.7,0.1272,False,True,Medium,5.4,P2,Open,SyntheticScanner
FND-000811,APP-0022,Partner Gateway,preproduction,CVE-2025-32463,pkg:npm/jsonwebtoken@3.20.0?instance=4,4.5,0.2711,False,True,Medium,4.6,P3,Open,SyntheticScanner
FND-000812,APP-0022,Partner Gateway,preproduction,CVE-2024-3094,pkg:npm/axios@6.15.5?instance=47,6.0,0.2029,False,True,Medium,5.9,P2,Open,SyntheticScanner
FND-000813,APP-0022,Partner Gateway,preproduction,CVE-2024-21626,pkg:npm/axios@1.17.6?instance=53,7.2,0.3419,False,False,Medium,5.2,P2,Accepted - dead/unreachable code,SyntheticScanner
FND-000814,APP-0022,Partner Gateway,preproduction,CVE-2022-22965,pkg:npm/jsonwebtoken@9.18.10?instance=51,6.7,0.3859,False,True,Medium,7.3,P2,Open,SyntheticScanner
FND-000815,APP-0022,Partner Gateway,preproduction,CVE-2023-44487,pkg:npm/lodash@2.12.7?instance=35,7.7,0.2246,True,True,Medium,9.9,P1,Open,SyntheticScanner
FND-000816,APP-0022,Partner Gateway,preproduction,CVE-2024-3094,pkg:npm/lodash@3.15.3?instance=25,5.8,0.1519,False,True,Medium,5.6,P2,Open,SyntheticScanner
FND-000817,APP-0022,Partner Gateway,preproduction,CVE-2025-29927,pkg:npm/webpack@9.2.2?instance=29,7.6,0.0657,False,False,Medium,4.6,P3,Accepted - dead/unreachable code,SyntheticScanner
FND-000818,APP-0022,Partner Gateway,preproduction,CVE-2021-44228,pkg:npm/react@5.11.1?instance=16,8.9,0.2314,True,True,Medium,10,P1,Open,SyntheticScanner
FND-000819,APP-0022,Partner Gateway,preproduction,CVE-2024-3094,pkg:npm/minimist@3.3.1?instance=46,8.9,0.4007,False,False,Medium,6.6,P2,Accepted - dead/unreachable code,SyntheticScanner
FND-000820,APP-0022,Partner Gateway,preproduction,CVE-2025-32463,pkg:npm/axios@5.5.2?instance=58,4.7,0.2423,False,True,Medium,4.8,P3,Open,SyntheticScanner
FND-000821,APP-0022,Partner Gateway,preproduction,CVE-2026-21401,pkg:npm/jsonwebtoken@9.18.10?instance=51,5.1,0.3743,False,False,Medium,3.7,P3,Accepted - dead/unreachable code,SyntheticScanner
FND-000822,APP-0022,Partner Gateway,preproduction,CVE-2025-29927,pkg:npm/moment@3.5.12?instance=31,8.6,0.8238,True,True,Medium,10,P1,Open,SyntheticScanner
FND-000823,APP-0022,Partner Gateway,preproduction,CVE-2021-44228,pkg:npm/lodash@2.9.1?instance=60,9.8,0.0812,False,False,Medium,6.0,P2,Accepted - dead/unreachable code,SyntheticScanner
FND-000824,APP-0022,Partner Gateway,preproduction,CVE-2023-38545,pkg:npm/jsonwebtoken@3.20.7?instance=12,6.2,0.2822,False,True,Medium,6.4,P2,Open,SyntheticScanner
FND-000825,APP-0022,Partner Gateway,preproduction,CVE-2022-22965,pkg:npm/jsonwebtoken@7.16.0?instance=66,8.4,0.3477,False,True,Medium,9.0,P1,Open,SyntheticScanner
FND-000826,APP-0022,Partner Gateway,preproduction,CVE-2023-44487,pkg:npm/moment@8.13.11?instance=30,8.6,0.2514,False,True,Medium,8.8,P1,Open,SyntheticScanner
FND-000827,APP-0022,Partner Gateway,preproduction,CVE-2024-3094,pkg:npm/webpack@8.0.0?instance=3,4.6,0.8063,False,True,Medium,6.1,P2,Open,SyntheticScanner
FND-000828,APP-0022,Partner Gateway,preproduction,CVE-2024-21626,pkg:npm/axios@6.20.5?instance=43,8.9,0.0772,False,False,Medium,5.5,P2,Accepted - dead/unreachable code,SyntheticScanner
FND-000829,APP-0022,Partner Gateway,preproduction,CVE-2023-38545,pkg:npm/express@9.11.5?instance=49,5.1,0.093,True,True,Medium,6.1,P2,Open,SyntheticScanner
FND-000830,APP-0022,Partner Gateway,preproduction,CVE-2025-29927,pkg:npm/express@9.11.5?instance=49,9.0,0.5405,True,True,Medium,10,P1,Open,SyntheticScanner
FND-000831,APP-0022,Partner Gateway,preproduction,CVE-2021-44228,pkg:npm/express@7.8.3?instance=34,6.7,0.0744,True,True,Medium,7.9,P1,Open,SyntheticScanner
FND-000832,APP-0023,Treasury,production,CVE-2021-44228,pkg:pypi/urllib3@2.14.9?instance=68,5.9,0.4331,False,True,Critical,8.3,P1,Open,SyntheticScanner
FND-000833,APP-0023,Treasury,production,CVE-2024-21626,pkg:pypi/numpy@7.9.7?instance=46,5.3,0.5339,False,True,Critical,7.8,P1,Open,SyntheticScanner
FND-000834,APP-0023,Treasury,production,CVE-2025-32463,pkg:pypi/jinja2@9.10.6?instance=59,6.4,0.2488,False,True,Critical,8.1,P1,Open,SyntheticScanner
FND-000835,APP-0023,Treasury,production,CVE-2025-24813,pkg:pypi/numpy@4.7.8?instance=33,8.0,0.3524,False,False,Critical,7.2,P2,Accepted - dead/unreachable code,SyntheticScanner
FND-000836,APP-0023,Treasury,production,CVE-2023-44487,pkg:pypi/pyyaml@1.12.10?instance=70,6.6,0.0284,False,False,Critical,4.9,P3,Accepted - dead/unreachable code,SyntheticScanner
FND-000837,APP-0023,Treasury,production,CVE-2022-22965,pkg:pypi/numpy@4.7.8?instance=33,9.6,0.4142,False,True,Critical,10,P1,Open,SyntheticScanner
FND-000838,APP-0023,Treasury,production,CVE-2023-44487,pkg:pypi/requests@3.13.10?instance=13,8.3,0.0381,False,True,Critical,9.3,P1,Open,SyntheticScanner
FND-000839,APP-0023,Treasury,production,CVE-2024-21626,pkg:pypi/urllib3@2.14.9?instance=68,9.6,0.149,False,True,Critical,10,P1,Open,SyntheticScanner
FND-000840,APP-0023,Treasury,production,CVE-2024-3094,pkg:pypi/cryptography@6.14.8?instance=26,8.9,0.0092,False,True,Critical,9.8,P1,Open,SyntheticScanner
FND-000841,APP-0023,Treasury,production,CVE-2022-22965,pkg:pypi/requests@2.0.2?instance=14,8.9,0.2184,False,True,Critical,10,P1,Open,SyntheticScanner
FND-000842,APP-0023,Treasury,production,CVE-2022-22965,pkg:pypi/numpy@7.5.3?instance=77,5.4,0.3202,False,True,Critical,7.1,P2,Open,SyntheticScanner
FND-000843,APP-0023,Treasury,production,CVE-2026-21401,pkg:pypi/pyyaml@2.16.9?instance=24,9.7,0.2653,False,False,Critical,8.3,P1,Accepted - dead/unreachable code,SyntheticScanner
FND-000844,APP-0023,Treasury,production,CVE-2024-3094,pkg:pypi/pyyaml@8.20.5?instance=62,9.6,0.2802,False,True,Critical,10,P1,Open,SyntheticScanner
FND-000845,APP-0023,Treasury,production,CVE-2025-29927,pkg:pypi/jinja2@3.17.9?instance=66,5.5,0.5833,False,True,Critical,8.3,P1,Open,SyntheticScanner
FND-000846,APP-0023,Treasury,production,CVE-2025-32463,pkg:pypi/pyyaml@1.1.3?instance=18,6.8,0.1758,False,True,Critical,8.3,P1,Open,SyntheticScanner
FND-000847,APP-0023,Treasury,production,CVE-2021-44228,pkg:pypi/requests@2.0.2?instance=14,4.6,0.4339,False,True,Critical,6.5,P2,Open,SyntheticScanner
FND-000848,APP-0023,Treasury,production,CVE-2025-24813,pkg:pypi/urllib3@1.14.8?instance=23,7.6,0.1134,False,True,Critical,8.9,P1,Open,SyntheticScanner
FND-000849,APP-0023,Treasury,production,CVE-2025-24813,pkg:pypi/cryptography@4.8.9?instance=21,8.5,0.0586,False,True,Critical,9.7,P1,Open,SyntheticScanner
FND-000850,APP-0023,Treasury,production,CVE-2025-29927,pkg:pypi/requests@8.9.6?instance=51,8.2,0.5839,False,True,Critical,10,P1,Open,SyntheticScanner
FND-000851,APP-0023,Treasury,production,CVE-2024-21626,pkg:pypi/cryptography@3.12.8?instance=11,6.0,0.4643,False,True,Critical,8.5,P1,Open,SyntheticScanner
FND-000852,APP-0023,Treasury,production,CVE-2025-24813,pkg:pypi/numpy@1.6.4?instance=17,9.4,0.6418,False,False,Critical,9.8,P1,Accepted - dead/unreachable code,SyntheticScanner
FND-000853,APP-0023,Treasury,production,CVE-2024-3094,pkg:pypi/pyyaml@3.19.5?instance=8,5.6,0.1456,False,True,Critical,6.7,P2,Open,SyntheticScanner
FND-000854,APP-0023,Treasury,production,CVE-2025-24813,pkg:pypi/numpy@9.12.11?instance=37,9.6,0.5444,False,False,Critical,9.5,P1,Accepted - dead/unreachable code,SyntheticScanner
FND-000855,APP-0023,Treasury,production,CVE-2023-38545,pkg:pypi/numpy@3.16.8?instance=3,9.7,0.0691,False,True,Critical,10,P1,Open,SyntheticScanner
FND-000856,APP-0023,Treasury,production,CVE-2026-21401,pkg:pypi/pyyaml@3.11.3?instance=44,5.1,0.1741,False,True,Critical,6.2,P2,Open,SyntheticScanner
FND-000857,APP-0023,Treasury,production,CVE-2024-21626,pkg:pypi/numpy@4.7.8?instance=33,9.9,0.3377,False,False,Critical,8.8,P1,Accepted - dead/unreachable code,SyntheticScanner
FND-000858,APP-0023,Treasury,preproduction,CVE-2024-21626,pkg:pypi/flask@6.7.7?instance=6,5.9,0.0858,False,False,Critical,4.6,P3,Accepted - dead/unreachable code,SyntheticScanner
FND-000859,APP-0023,Treasury,preproduction,CVE-2021-44228,pkg:pypi/urllib3@9.12.7?instance=31,7.9,0.0829,False,True,Critical,9.1,P1,Open,SyntheticScanner
FND-000860,APP-0023,Treasury,preproduction,CVE-2023-44487,pkg:pypi/cryptography@1.18.5?instance=30,4.1,0.7237,False,False,Critical,4.4,P3,Accepted - dead/unreachable code,SyntheticScanner
FND-000861,APP-0023,Treasury,preproduction,CVE-2026-21401,pkg:pypi/django@5.15.9?instance=42,6.6,0.2286,False,True,Critical,8.3,P1,Open,SyntheticScanner
FND-000862,APP-0023,Treasury,preproduction,CVE-2021-44228,pkg:pypi/cryptography@7.0.5?instance=39,5.0,0.5536,False,False,Critical,5.0,P2,Accepted - dead/unreachable code,SyntheticScanner
FND-000863,APP-0023,Treasury,preproduction,CVE-2023-38545,pkg:pypi/numpy@8.17.0?instance=7,7.6,0.2741,False,True,Critical,9.8,P1,Open,SyntheticScanner
FND-000864,APP-0023,Treasury,preproduction,CVE-2021-44228,pkg:pypi/jinja2@3.19.10?instance=17,4.2,0.2011,False,False,Critical,3.5,P3,Accepted - dead/unreachable code,SyntheticScanner
FND-000865,APP-0023,Treasury,preproduction,CVE-2021-44228,pkg:pypi/django@5.15.9?instance=42,8.8,0.1131,False,False,Critical,6.9,P2,Accepted - dead/unreachable code,SyntheticScanner
FND-000866,APP-0023,Treasury,preproduction,CVE-2026-21401,pkg:pypi/jinja2@1.1.12?instance=12,5.3,0.1504,False,True,Critical,6.4,P2,Open,SyntheticScanner
FND-000867,APP-0023,Treasury,preproduction,CVE-2022-22965,pkg:pypi/pyyaml@8.10.5?instance=33,7.1,0.1308,False,False,Critical,5.6,P2,Accepted - dead/unreachable code,SyntheticScanner
FND-000868,APP-0023,Treasury,preproduction,CVE-2021-44228,pkg:pypi/requests@8.15.6?instance=23,6.9,0.4261,False,False,Critical,6.5,P2,Accepted - dead/unreachable code,SyntheticScanner
FND-000869,APP-0023,Treasury,preproduction,CVE-2026-21401,pkg:pypi/numpy@2.8.9?instance=1,7.4,0.0183,False,False,Critical,5.5,P2,Accepted - dead/unreachable code,SyntheticScanner
FND-000870,APP-0023,Treasury,preproduction,CVE-2025-29927,pkg:pypi/cryptography@1.18.5?instance=30,5.1,0.2842,False,True,Critical,6.6,P2,Open,SyntheticScanner
FND-000871,APP-0023,Treasury,preproduction,CVE-2025-29927,pkg:pypi/cryptography@7.0.5?instance=39,8.2,0.0774,False,True,Critical,9.4,P1,Open,SyntheticScanner
FND-000872,APP-0024,Risk Engine,production,CVE-2024-3094,pkg:maven/org.apache.commons/commons-text@3.6.3?instance=49,7.2,0.325,False,False,High,5.7,P2,Accepted - dead/unreachable code,SyntheticScanner
FND-000873,APP-0024,Risk Engine,production,CVE-2026-21401,pkg:maven/io.netty/netty-handler@1.2.9?instance=15,5.5,0.1685,False,True,High,6.0,P2,Open,SyntheticScanner
FND-000874,APP-0024,Risk Engine,production,CVE-2024-3094,pkg:maven/com.fasterxml.jackson.core/jackson-databind@7.19.3?instance=1,4.8,0.3423,False,True,High,5.8,P2,Open,SyntheticScanner
FND-000875,APP-0024,Risk Engine,production,CVE-2026-21401,pkg:maven/io.netty/netty-handler@1.17.1?instance=45,6.0,0.3682,False,True,High,7.3,P2,Open,SyntheticScanner
FND-000876,APP-0024,Risk Engine,production,CVE-2024-21626,pkg:maven/org.springframework/spring-core@2.4.11?instance=14,7.1,0.1776,False,True,High,7.8,P1,Open,SyntheticScanner
FND-000877,APP-0024,Risk Engine,production,CVE-2021-44228,pkg:maven/org.apache.logging.log4j/log4j-core@2.8.12?instance=74,8.5,0.151,False,True,High,9.2,P1,Open,SyntheticScanner
FND-000878,APP-0024,Risk Engine,production,CVE-2022-22965,pkg:maven/com.fasterxml.jackson.core/jackson-databind@2.15.10?instance=40,9.3,0.3125,False,False,High,7.3,P2,Accepted - dead/unreachable code,SyntheticScanner
FND-000879,APP-0024,Risk Engine,production,CVE-2024-21626,pkg:maven/org.postgresql/postgresql@9.2.3?instance=78,5.3,0.3627,False,True,High,6.4,P2,Open,SyntheticScanner
FND-000880,APP-0024,Risk Engine,production,CVE-2025-24813,pkg:maven/org.apache.commons/commons-text@4.3.2?instance=71,6.2,0.1512,False,False,High,4.5,P3,Accepted - dead/unreachable code,SyntheticScanner
FND-000881,APP-0024,Risk Engine,production,CVE-2026-21401,pkg:maven/org.yaml/snakeyaml@8.0.8?instance=29,6.0,0.2007,False,True,High,6.6,P2,Open,SyntheticScanner
FND-000882,APP-0024,Risk Engine,production,CVE-2023-44487,pkg:maven/org.apache.logging.log4j/log4j-core@2.8.12?instance=74,9.1,0.2119,False,True,High,10,P1,Open,SyntheticScanner
FND-000883,APP-0024,Risk Engine,production,CVE-2024-21626,pkg:maven/org.yaml/snakeyaml@6.6.4?instance=64,9.5,0.3051,False,False,High,7.5,P1,Accepted - dead/unreachable code,SyntheticScanner
FND-000884,APP-0024,Risk Engine,production,CVE-2026-21401,pkg:maven/org.apache.logging.log4j/log4j-core@8.15.4?instance=70,4.6,0.1762,False,True,High,5.0,P2,Open,SyntheticScanner
FND-000885,APP-0024,Risk Engine,production,CVE-2025-29927,pkg:maven/org.springframework/spring-core@7.17.7?instance=52,6.8,0.1044,False,True,High,7.1,P2,Open,SyntheticScanner
FND-000886,APP-0024,Risk Engine,production,CVE-2021-44228,pkg:maven/org.apache.logging.log4j/log4j-core@3.18.5?instance=13,7.0,0.0722,False,True,High,7.2,P2,Open,SyntheticScanner
FND-000887,APP-0024,Risk Engine,production,CVE-2022-22965,pkg:maven/io.netty/netty-handler@1.17.1?instance=45,7.8,0.4585,False,True,High,9.9,P1,Open,SyntheticScanner
FND-000888,APP-0024,Risk Engine,production,CVE-2022-22965,pkg:maven/org.apache.commons/commons-text@9.10.1?instance=60,4.6,0.1112,False,True,High,4.8,P3,Open,SyntheticScanner
FND-000889,APP-0024,Risk Engine,preproduction,CVE-2025-32463,pkg:maven/org.hibernate/hibernate-core@8.10.7?instance=4,4.8,0.0572,False,True,High,4.9,P3,Open,SyntheticScanner
FND-000890,APP-0024,Risk Engine,preproduction,CVE-2022-22965,pkg:maven/org.hibernate/hibernate-core@3.7.7?instance=37,8.6,0.7096,False,True,High,10,P1,Open,SyntheticScanner
FND-000891,APP-0024,Risk Engine,preproduction,CVE-2025-32463,pkg:maven/org.springframework/spring-core@5.0.4?instance=28,8.3,0.3201,False,True,High,9.8,P1,Open,SyntheticScanner
FND-000892,APP-0024,Risk Engine,preproduction,CVE-2025-32463,pkg:maven/org.yaml/snakeyaml@1.8.3?instance=0,8.3,0.0295,False,False,High,5.6,P2,Accepted - dead/unreachable code,SyntheticScanner
FND-000893,APP-0024,Risk Engine,preproduction,CVE-2022-22965,pkg:maven/org.springframework/spring-core@6.19.8?instance=39,9.2,0.3744,False,False,High,7.5,P1,Accepted - dead/unreachable code,SyntheticScanner
FND-000894,APP-0024,Risk Engine,preproduction,CVE-2024-21626,pkg:maven/org.apache.commons/commons-text@6.17.0?instance=34,7.5,0.1681,False,False,High,5.5,P2,Accepted - dead/unreachable code,SyntheticScanner
FND-000895,APP-0024,Risk Engine,preproduction,CVE-2026-21401,pkg:maven/org.hibernate/hibernate-core@8.10.7?instance=4,8.7,0.2811,False,True,High,10,P1,Open,SyntheticScanner
FND-000896,APP-0024,Risk Engine,preproduction,CVE-2025-32463,pkg:maven/org.springframework/spring-core@7.18.5?instance=1,9.6,0.2637,False,False,High,7.4,P2,Accepted - dead/unreachable code,SyntheticScanner
FND-000897,APP-0024,Risk Engine,preproduction,CVE-2024-21626,pkg:maven/org.apache.commons/commons-text@6.7.4?instance=24,7.6,0.0092,False,False,High,5.0,P2,Accepted - dead/unreachable code,SyntheticScanner
FND-000898,APP-0024,Risk Engine,preproduction,CVE-2023-44487,pkg:maven/org.apache.commons/commons-text@6.7.4?instance=24,4.8,0.3271,False,False,High,3.8,P3,Accepted - dead/unreachable code,SyntheticScanner
FND-000899,APP-0024,Risk Engine,preproduction,CVE-2025-29927,pkg:maven/org.yaml/snakeyaml@2.13.7?instance=36,4.3,0.2454,False,True,High,4.9,P3,Open,SyntheticScanner
FND-000900,APP-0025,Customer 360,production,CVE-2024-21626,pkg:pypi/pyyaml@3.4.8?instance=30,6.2,0.1403,False,False,High,4.4,P3,Accepted - dead/unreachable code,SyntheticScanner
FND-000901,APP-0025,Customer 360,production,CVE-2023-44487,pkg:pypi/pyyaml@6.17.11?instance=17,4.0,0.0544,False,False,High,2.7,P3,Accepted - dead/unreachable code,SyntheticScanner
FND-000902,APP-0025,Customer 360,production,CVE-2023-44487,pkg:pypi/flask@8.1.5?instance=31,9.1,0.2466,False,True,High,10,P1,Open,SyntheticScanner
FND-000903,APP-0025,Customer 360,production,CVE-2022-22965,pkg:pypi/jinja2@1.19.12?instance=41,5.7,0.2902,False,False,High,4.4,P3,Accepted - dead/unreachable code,SyntheticScanner
FND-000904,APP-0025,Customer 360,production,CVE-2026-21401,pkg:pypi/cryptography@8.6.6?instance=42,4.7,0.1046,False,False,High,3.3,P3,Accepted - dead/unreachable code,SyntheticScanner
FND-000905,APP-0025,Customer 360,production,CVE-2026-21401,pkg:pypi/urllib3@7.18.6?instance=43,8.1,0.6566,True,True,High,10,P1,Open,SyntheticScanner
FND-000906,APP-0025,Customer 360,production,CVE-2025-29927,pkg:pypi/jinja2@5.13.0?instance=5,4.5,0.4094,True,True,High,7.2,P2,Open,SyntheticScanner
FND-000907,APP-0025,Customer 360,production,CVE-2022-22965,pkg:pypi/numpy@6.1.3?instance=10,7.1,0.2129,False,True,High,7.9,P1,Open,SyntheticScanner
FND-000908,APP-0025,Customer 360,production,CVE-2024-21626,pkg:pypi/numpy@6.3.2?instance=14,9.4,0.0643,True,True,High,10,P1,Open,SyntheticScanner
FND-000909,APP-0025,Customer 360,production,CVE-2024-21626,pkg:pypi/cryptography@8.6.6?instance=42,8.0,0.45,True,True,High,10,P1,Open,SyntheticScanner
FND-000910,APP-0025,Customer 360,production,CVE-2025-24813,pkg:pypi/numpy@1.8.8?instance=28,8.7,0.1287,True,True,High,10,P1,Open,SyntheticScanner
FND-000911,APP-0025,Customer 360,production,CVE-2025-29927,pkg:pypi/jinja2@5.13.0?instance=5,6.0,0.6323,False,True,High,8.3,P1,Open,SyntheticScanner
FND-000912,APP-0025,Customer 360,production,CVE-2025-32463,pkg:pypi/jinja2@3.14.4?instance=27,4.9,0.0418,False,False,High,3.3,P3,Accepted - dead/unreachable code,SyntheticScanner
FND-000913,APP-0025,Customer 360,production,CVE-2023-44487,pkg:pypi/requests@7.17.2?instance=36,9.8,0.362,False,True,High,10,P1,Open,SyntheticScanner
FND-000914,APP-0025,Customer 360,preproduction,CVE-2021-44228,pkg:pypi/jinja2@6.8.11?instance=69,7.4,0.2622,False,False,High,5.7,P2,Accepted - dead/unreachable code,SyntheticScanner
FND-000915,APP-0025,Customer 360,preproduction,CVE-2023-44487,pkg:pypi/requests@1.12.4?instance=14,9.7,0.3263,True,True,High,10,P1,Open,SyntheticScanner
FND-000916,APP-0025,Customer 360,preproduction,CVE-2024-21626,pkg:pypi/jinja2@1.4.12?instance=18,7.6,0.2993,False,False,High,6.0,P2,Accepted - dead/unreachable code,SyntheticScanner
FND-000917,APP-0025,Customer 360,preproduction,CVE-2022-22965,pkg:pypi/requests@3.7.1?instance=33,4.8,0.1665,False,False,High,3.5,P3,Accepted - dead/unreachable code,SyntheticScanner
FND-000918,APP-0025,Customer 360,preproduction,CVE-2025-29927,pkg:pypi/urllib3@5.1.12?instance=48,9.2,0.0758,False,False,High,6.3,P2,Accepted - dead/unreachable code,SyntheticScanner
FND-000919,APP-0025,Customer 360,preproduction,CVE-2025-29927,pkg:pypi/requests@5.16.5?instance=39,9.0,0.1532,False,True,High,9.7,P1,Open,SyntheticScanner
FND-000920,APP-0025,Customer 360,preproduction,CVE-2023-44487,pkg:pypi/django@5.20.6?instance=9,4.8,0.2448,True,True,High,7.0,P2,Open,SyntheticScanner
FND-000921,APP-0025,Customer 360,preproduction,CVE-2025-24813,pkg:pypi/cryptography@7.5.6?instance=52,5.6,0.1186,True,True,High,7.6,P1,Open,SyntheticScanner
FND-000922,APP-0025,Customer 360,preproduction,CVE-2025-29927,pkg:pypi/cryptography@7.0.0?instance=37,4.5,0.1966,False,False,High,3.3,P3,Accepted - dead/unreachable code,SyntheticScanner
FND-000923,APP-0025,Customer 360,preproduction,CVE-2022-22965,pkg:pypi/urllib3@7.17.11?instance=35,8.8,0.1844,False,False,High,6.5,P2,Accepted - dead/unreachable code,SyntheticScanner
FND-000924,APP-0025,Customer 360,preproduction,CVE-2021-44228,pkg:pypi/cryptography@7.17.9?instance=38,4.8,0.3355,False,False,High,3.8,P3,Accepted - dead/unreachable code,SyntheticScanner
FND-000925,APP-0025,Customer 360,preproduction,CVE-2025-32463,pkg:pypi/requests@6.19.2?instance=67,9.0,0.2272,False,False,High,6.8,P2,Accepted - dead/unreachable code,SyntheticScanner
FND-000926,APP-0025,Customer 360,preproduction,CVE-2023-44487,pkg:pypi/django@2.11.11?instance=73,8.0,0.2905,False,False,High,6.2,P2,Accepted - dead/unreachable code,SyntheticScanner
FND-000927,APP-0025,Customer 360,preproduction,CVE-2023-38545,pkg:pypi/urllib3@7.17.11?instance=35,9.6,0.1159,False,False,High,6.8,P2,Accepted - dead/unreachable code,SyntheticScanner
FND-000928,APP-0025,Customer 360,preproduction,CVE-2022-22965,pkg:pypi/cryptography@4.17.8?instance=7,5.7,0.2323,False,False,High,4.3,P3,Accepted - dead/unreachable code,SyntheticScanner
FND-000929,APP-0025,Customer 360,preproduction,CVE-2022-22965,pkg:pypi/jinja2@7.1.12?instance=27,4.2,0.179,False,False,High,3.1,P3,Accepted - dead/unreachable code,SyntheticScanner
FND-000930,APP-0025,Customer 360,preproduction,CVE-2024-21626,pkg:pypi/urllib3@7.17.11?instance=35,6.6,0.3218,True,True,High,10,P1,Open,SyntheticScanner
FND-000931,APP-0025,Customer 360,preproduction,CVE-2023-44487,pkg:pypi/requests@7.7.10?instance=44,5.8,0.0857,False,False,High,4.0,P3,Accepted - dead/unreachable code,SyntheticScanner
FND-000932,APP-0025,Customer 360,preproduction,CVE-2022-22965,pkg:pypi/jinja2@9.18.12?instance=3,6.9,0.1433,False,True,High,7.4,P2,Open,SyntheticScanner
FND-000933,APP-0026,Consent Management,production,CVE-2022-22965,pkg:npm/axios@6.8.12?instance=39,8.2,0.0935,False,True,High,8.5,P1,Open,SyntheticScanner
FND-000934,APP-0026,Consent Management,production,CVE-2025-32463,pkg:npm/axios@2.10.1?instance=55,6.8,0.1314,False,False,High,4.8,P3,Accepted - dead/unreachable code,SyntheticScanner
FND-000935,APP-0026,Consent Management,production,CVE-2025-24813,pkg:npm/express@8.6.6?instance=2,9.7,0.3816,False,True,High,10,P1,Open,SyntheticScanner
FND-000936,APP-0026,Consent Management,production,CVE-2024-3094,pkg:npm/express@7.20.0?instance=47,9.8,0.3816,False,False,High,8.0,P1,Accepted - dead/unreachable code,SyntheticScanner
FND-000937,APP-0026,Consent Management,production,CVE-2023-44487,pkg:npm/express@2.11.12?instance=6,5.6,0.311,False,True,High,6.6,P2,Open,SyntheticScanner
FND-000938,APP-0026,Consent Management,production,CVE-2022-22965,pkg:npm/minimist@7.4.3?instance=28,5.0,0.0494,False,True,High,5.1,P2,Open,SyntheticScanner
FND-000939,APP-0026,Consent Management,production,CVE-2024-21626,pkg:npm/axios@5.12.6?instance=45,7.6,0.047,False,True,High,7.7,P1,Open,SyntheticScanner
FND-000940,APP-0026,Consent Management,production,CVE-2025-32463,pkg:npm/axios@4.19.2?instance=72,8.2,0.3105,False,False,High,6.5,P2,Accepted - dead/unreachable code,SyntheticScanner
FND-000941,APP-0026,Consent Management,production,CVE-2023-38545,pkg:npm/express@6.14.2?instance=0,9.8,0.0861,False,True,High,10,P1,Open,SyntheticScanner
FND-000942,APP-0026,Consent Management,production,CVE-2021-44228,pkg:npm/express@7.20.0?instance=47,8.1,0.2135,False,True,High,9.0,P1,Open,SyntheticScanner
FND-000943,APP-0026,Consent Management,production,CVE-2022-22965,pkg:npm/axios@3.13.5?instance=57,7.4,0.3707,False,True,High,9.0,P1,Open,SyntheticScanner
FND-000944,APP-0026,Consent Management,production,CVE-2022-22965,pkg:npm/webpack@7.4.11?instance=43,5.5,0.3285,False,True,High,6.5,P2,Open,SyntheticScanner
FND-000945,APP-0026,Consent Management,production,CVE-2025-29927,pkg:npm/axios@9.2.8?instance=62,7.9,0.6348,False,True,High,10,P1,Open,SyntheticScanner
FND-000946,APP-0026,Consent Management,production,CVE-2025-32463,pkg:npm/express@6.14.2?instance=0,4.7,0.1848,False,True,High,5.2,P2,Open,SyntheticScanner
FND-000947,APP-0026,Consent Management,production,CVE-2025-32463,pkg:npm/webpack@5.12.4?instance=4,9.3,0.0435,False,True,High,9.4,P1,Open,SyntheticScanner
FND-000948,APP-0026,Consent Management,production,CVE-2021-44228,pkg:npm/webpack@2.17.1?instance=3,5.3,0.545,False,True,High,7.0,P2,Open,SyntheticScanner
FND-000949,APP-0026,Consent Management,production,CVE-2023-44487,pkg:npm/moment@3.11.7?instance=9,9.3,0.286,False,True,High,10,P1,Open,SyntheticScanner
FND-000950,APP-0026,Consent Management,production,CVE-2023-44487,pkg:npm/axios@1.15.1?instance=50,7.3,0.1291,False,True,High,7.8,P1,Open,SyntheticScanner
FND-000951,APP-0026,Consent Management,production,CVE-2023-44487,pkg:npm/jsonwebtoken@4.6.5?instance=25,9.2,0.0336,False,True,High,9.2,P1,Open,SyntheticScanner
FND-000952,APP-0026,Consent Management,production,CVE-2022-22965,pkg:npm/express@2.11.12?instance=6,5.9,0.0434,False,True,High,6.0,P2,Open,SyntheticScanner
FND-000953,APP-0026,Consent Management,production,CVE-2024-21626,pkg:npm/jsonwebtoken@1.20.2?instance=16,5.6,0.4887,False,True,High,7.2,P2,Open,SyntheticScanner
FND-000954,APP-0026,Consent Management,production,CVE-2024-21626,pkg:npm/webpack@5.20.5?instance=44,6.5,0.1986,False,True,High,7.2,P2,Open,SyntheticScanner
FND-000955,APP-0026,Consent Management,production,CVE-2025-24813,pkg:npm/axios@2.20.8?instance=33,7.0,0.1398,False,True,High,7.5,P1,Open,SyntheticScanner
FND-000956,APP-0026,Consent Management,production,CVE-2024-3094,pkg:npm/minimist@7.4.3?instance=28,4.7,0.0928,False,False,High,3.3,P3,Accepted - dead/unreachable code,SyntheticScanner
FND-000957,APP-0026,Consent Management,production,CVE-2026-21401,pkg:npm/webpack@7.4.11?instance=43,4.8,0.0727,False,True,High,4.9,P3,Open,SyntheticScanner
FND-000958,APP-0026,Consent Management,production,CVE-2026-21401,pkg:npm/react@2.6.2?instance=54,5.6,0.2057,False,True,High,6.2,P2,Open,SyntheticScanner
FND-000959,APP-0026,Consent Management,production,CVE-2025-24813,pkg:npm/axios@3.13.5?instance=57,7.1,0.0264,False,True,High,7.1,P2,Open,SyntheticScanner
FND-000960,APP-0026,Consent Management,production,CVE-2026-21401,pkg:npm/webpack@1.3.12?instance=66,9.8,0.3754,False,True,High,10,P1,Open,SyntheticScanner
FND-000961,APP-0026,Consent Management,production,CVE-2025-29927,pkg:npm/webpack@8.15.0?instance=74,7.1,0.213,False,True,High,7.9,P1,Open,SyntheticScanner
FND-000962,APP-0026,Consent Management,production,CVE-2022-22965,pkg:npm/jsonwebtoken@4.6.5?instance=25,7.0,0.1271,False,True,High,7.4,P2,Open,SyntheticScanner
FND-000963,APP-0026,Consent Management,preproduction,CVE-2025-29927,pkg:npm/jsonwebtoken@6.10.10?instance=13,5.1,0.1969,False,False,High,3.8,P3,Accepted - dead/unreachable code,SyntheticScanner
FND-000964,APP-0026,Consent Management,preproduction,CVE-2021-44228,pkg:npm/moment@9.18.10?instance=66,6.7,0.364,False,False,High,5.4,P2,Accepted - dead/unreachable code,SyntheticScanner
FND-000965,APP-0026,Consent Management,preproduction,CVE-2024-21626,pkg:npm/axios@6.19.8?instance=41,4.9,0.0899,False,False,High,3.4,P3,Accepted - dead/unreachable code,SyntheticScanner
FND-000966,APP-0026,Consent Management,preproduction,CVE-2023-38545,pkg:npm/webpack@8.16.4?instance=27,6.0,0.1524,False,False,High,4.3,P3,Accepted - dead/unreachable code,SyntheticScanner
FND-000967,APP-0026,Consent Management,preproduction,CVE-2025-32463,pkg:npm/moment@3.0.4?instance=12,5.8,0.6449,False,False,High,5.4,P2,Accepted - dead/unreachable code,SyntheticScanner
FND-000968,APP-0026,Consent Management,preproduction,CVE-2023-44487,pkg:npm/moment@4.4.6?instance=1,6.2,0.7988,False,False,High,6.2,P2,Accepted - dead/unreachable code,SyntheticScanner
FND-000969,APP-0026,Consent Management,preproduction,CVE-2022-22965,pkg:npm/webpack@7.3.12?instance=14,7.7,0.1857,False,True,High,8.5,P1,Open,SyntheticScanner
FND-000970,APP-0026,Consent Management,preproduction,CVE-2021-44228,pkg:npm/jsonwebtoken@8.14.6?instance=38,6.5,0.42,False,False,High,5.4,P2,Accepted - dead/unreachable code,SyntheticScanner
FND-000971,APP-0026,Consent Management,preproduction,CVE-2024-3094,pkg:npm/minimist@6.1.2?instance=47,8.1,0.3381,False,False,High,6.5,P2,Accepted - dead/unreachable code,SyntheticScanner
FND-000972,APP-0026,Consent Management,preproduction,CVE-2024-3094,pkg:npm/axios@2.13.6?instance=56,5.7,0.4274,False,False,High,4.8,P3,Accepted - dead/unreachable code,SyntheticScanner
FND-000973,APP-0026,Consent Management,preproduction,CVE-2025-24813,pkg:npm/axios@7.9.5?instance=42,9.7,0.4725,False,True,High,10,P1,Open,SyntheticScanner
FND-000974,APP-0026,Consent Management,preproduction,CVE-2026-21401,pkg:npm/minimist@4.1.7?instance=51,4.2,0.0563,False,False,High,2.9,P3,Accepted - dead/unreachable code,SyntheticScanner
FND-000975,APP-0026,Consent Management,preproduction,CVE-2021-44228,pkg:npm/react@8.12.5?instance=34,8.4,0.083,False,True,High,8.7,P1,Open,SyntheticScanner
FND-000976,APP-0026,Consent Management,preproduction,CVE-2025-24813,pkg:npm/express@3.8.8?instance=26,4.2,0.0169,False,False,High,2.8,P3,Accepted - dead/unreachable code,SyntheticScanner
FND-000977,APP-0026,Consent Management,preproduction,CVE-2023-44487,pkg:npm/moment@1.14.1?instance=30,9.5,0.3421,False,False,High,7.6,P1,Accepted - dead/unreachable code,SyntheticScanner
FND-000978,APP-0026,Consent Management,preproduction,CVE-2025-24813,pkg:npm/lodash@1.5.4?instance=46,5.9,0.6658,False,True,High,8.3,P1,Open,SyntheticScanner
FND-000979,APP-0026,Consent Management,preproduction,CVE-2025-29927,pkg:npm/minimist@5.16.12?instance=33,5.7,0.0518,False,False,High,3.9,P3,Accepted - dead/unreachable code,SyntheticScanner
FND-000980,APP-0026,Consent Management,preproduction,CVE-2025-29927,pkg:npm/webpack@4.6.1?instance=37,5.9,0.0855,False,False,High,4.1,P3,Accepted - dead/unreachable code,SyntheticScanner
FND-000981,APP-0026,Consent Management,preproduction,CVE-2025-32463,pkg:npm/moment@1.14.1?instance=30,6.9,0.1384,False,True,High,7.4,P2,Open,SyntheticScanner
FND-000982,APP-0027,Archive Service,production,CVE-2024-3094,pkg:golang/github.com/spf13/viper@9.2.8?instance=46,9.7,0.2687,True,True,High,10,P1,Open,SyntheticScanner
FND-000983,APP-0027,Archive Service,production,CVE-2026-21401,pkg:golang/github.com/spf13/viper@9.2.8?instance=46,5.5,0.1517,True,True,High,7.6,P1,Open,SyntheticScanner
FND-000984,APP-0027,Archive Service,production,CVE-2025-24813,pkg:golang/github.com/prometheus/client_golang@5.20.3?instance=29,6.2,0.5025,False,False,High,5.4,P2,Accepted - dead/unreachable code,SyntheticScanner
FND-000985,APP-0027,Archive Service,production,CVE-2025-24813,pkg:golang/google.golang.org/grpc@6.18.11?instance=37,8.2,0.5013,False,False,High,7.1,P2,Accepted - dead/unreachable code,SyntheticScanner
FND-000986,APP-0027,Archive Service,production,CVE-2023-44487,pkg:golang/github.com/gorilla/mux@5.5.3?instance=50,9.5,0.1964,False,False,High,7.0,P2,Accepted - dead/unreachable code,SyntheticScanner
FND-000987,APP-0027,Archive Service,production,CVE-2023-38545,pkg:golang/google.golang.org/grpc@9.13.3?instance=25,5.9,0.382,True,True,High,9.3,P1,Open,SyntheticScanner
FND-000988,APP-0027,Archive Service,production,CVE-2026-21401,pkg:golang/github.com/spf13/viper@1.12.1?instance=15,7.2,0.0111,False,False,High,4.8,P3,Accepted - dead/unreachable code,SyntheticScanner
FND-000989,APP-0027,Archive Service,production,CVE-2022-22965,pkg:golang/github.com/spf13/viper@2.15.7?instance=30,4.9,0.0019,False,False,High,3.2,P3,Accepted - dead/unreachable code,SyntheticScanner
FND-000990,APP-0027,Archive Service,production,CVE-2024-3094,pkg:golang/github.com/spf13/viper@2.15.7?instance=30,4.2,0.2623,False,True,High,4.8,P3,Open,SyntheticScanner
FND-000991,APP-0027,Archive Service,production,CVE-2025-32463,pkg:golang/github.com/gorilla/mux@5.8.12?instance=0,5.2,0.0827,True,True,High,6.9,P2,Open,SyntheticScanner
FND-000992,APP-0027,Archive Service,production,CVE-2023-44487,pkg:golang/golang.org/x/crypto@8.8.9?instance=23,6.0,0.1212,False,True,High,6.3,P2,Open,SyntheticScanner
FND-000993,APP-0027,Archive Service,production,CVE-2025-32463,pkg:golang/github.com/prometheus/client_golang@1.0.1?instance=22,8.8,0.288,False,True,High,10,P1,Open,SyntheticScanner
FND-000994,APP-0027,Archive Service,production,CVE-2025-29927,pkg:golang/google.golang.org/grpc@9.13.3?instance=25,7.8,0.5177,True,True,High,10,P1,Open,SyntheticScanner
FND-000995,APP-0027,Archive Service,production,CVE-2025-24813,pkg:golang/github.com/go-sql-driver/mysql@8.17.12?instance=20,9.0,0.2955,True,True,High,10,P1,Open,SyntheticScanner
FND-000996,APP-0027,Archive Service,production,CVE-2023-38545,pkg:golang/github.com/spf13/viper@1.7.2?instance=4,7.0,0.1546,False,True,High,7.6,P1,Open,SyntheticScanner
FND-000997,APP-0027,Archive Service,production,CVE-2022-22965,pkg:golang/github.com/prometheus/client_golang@2.15.5?instance=16,7.3,0.1486,False,True,High,7.8,P1,Open,SyntheticScanner
FND-000998,APP-0027,Archive Service,production,CVE-2023-38545,pkg:golang/golang.org/x/crypto@2.4.6?instance=52,6.1,0.5232,True,True,High,10,P1,Open,SyntheticScanner
FND-000999,APP-0027,Archive Service,production,CVE-2024-3094,pkg:golang/google.golang.org/grpc@7.16.0?instance=49,8.2,0.1197,True,True,High,10,P1,Open,SyntheticScanner
FND-001000,APP-0027,Archive Service,production,CVE-2024-21626,pkg:golang/github.com/prometheus/client_golang@5.20.3?instance=29,5.2,0.6263,False,False,High,4.8,P3,Accepted - dead/unreachable code,SyntheticScanner
FND-001001,APP-0027,Archive Service,production,CVE-2022-22965,pkg:golang/golang.org/x/crypto@3.4.2?instance=24,9.3,0.13,True,True,High,10,P1,Open,SyntheticScanner
FND-001002,APP-0027,Archive Service,preproduction,CVE-2022-22965,pkg:golang/github.com/gin-gonic/gin@7.7.5?instance=0,6.2,0.1304,False,False,High,4.4,P3,Accepted - dead/unreachable code,SyntheticScanner
FND-001003,APP-0027,Archive Service,preproduction,CVE-2023-44487,pkg:golang/github.com/go-sql-driver/mysql@3.17.0?instance=15,7.5,0.1683,False,True,High,8.2,P1,Open,SyntheticScanner
FND-001004,APP-0027,Archive Service,preproduction,CVE-2025-32463,pkg:golang/go.uber.org/zap@8.19.5?instance=29,9.6,0.0461,False,False,High,6.5,P2,Accepted - dead/unreachable code,SyntheticScanner
FND-001005,APP-0027,Archive Service,preproduction,CVE-2023-44487,pkg:golang/github.com/prometheus/client_golang@8.7.9?instance=5,4.6,0.1998,False,False,High,3.4,P3,Accepted - dead/unreachable code,SyntheticScanner
FND-001006,APP-0027,Archive Service,preproduction,CVE-2024-3094,pkg:golang/github.com/spf13/viper@2.7.10?instance=37,8.4,0.268,False,True,High,9.7,P1,Open,SyntheticScanner
FND-001007,APP-0027,Archive Service,preproduction,CVE-2023-38545,pkg:golang/github.com/prometheus/client_golang@8.7.9?instance=5,7.6,0.0704,False,False,High,5.2,P2,Accepted - dead/unreachable code,SyntheticScanner
FND-001008,APP-0027,Archive Service,preproduction,CVE-2025-32463,pkg:golang/golang.org/x/crypto@2.19.1?instance=31,7.3,0.3747,True,True,High,10,P1,Open,SyntheticScanner
FND-001009,APP-0027,Archive Service,preproduction,CVE-2024-3094,pkg:golang/github.com/gin-gonic/gin@1.17.4?instance=7,5.9,0.0502,False,False,High,4.0,P3,Accepted - dead/unreachable code,SyntheticScanner
FND-001010,APP-0027,Archive Service,preproduction,CVE-2025-32463,pkg:golang/google.golang.org/grpc@8.19.7?instance=1,9.2,0.1866,True,True,High,10,P1,Open,SyntheticScanner
FND-001011,APP-0027,Archive Service,preproduction,CVE-2025-29927,pkg:golang/go.uber.org/zap@4.20.2?instance=3,4.7,0.5603,False,False,High,4.2,P3,Accepted - dead/unreachable code,SyntheticScanner
FND-001012,APP-0027,Archive Service,preproduction,CVE-2021-44228,pkg:golang/go.uber.org/zap@7.6.6?instance=46,4.8,0.1688,True,True,High,6.7,P2,Open,SyntheticScanner
FND-001013,APP-0027,Archive Service,preproduction,CVE-2024-21626,pkg:golang/github.com/gin-gonic/gin@1.5.9?instance=12,6.5,0.6077,False,False,High,5.9,P2,Accepted - dead/unreachable code,SyntheticScanner
FND-001014,APP-0027,Archive Service,preproduction,CVE-2024-3094,pkg:golang/github.com/gin-gonic/gin@7.11.0?instance=67,7.1,0.0053,False,False,High,4.7,P3,Accepted - dead/unreachable code,SyntheticScanner
FND-001015,APP-0027,Archive Service,preproduction,CVE-2021-44228,pkg:golang/github.com/go-sql-driver/mysql@5.11.5?instance=70,7.3,0.0908,False,False,High,5.1,P2,Accepted - dead/unreachable code,SyntheticScanner
FND-001016,APP-0027,Archive Service,preproduction,CVE-2021-44228,pkg:golang/go.uber.org/zap@9.17.9?instance=50,6.5,0.256,False,False,High,5.0,P2,Accepted - dead/unreachable code,SyntheticScanner
FND-001017,APP-0027,Archive Service,preproduction,CVE-2021-44228,pkg:golang/github.com/prometheus/client_golang@7.0.10?instance=14,7.4,0.1421,False,False,High,5.3,P2,Accepted - dead/unreachable code,SyntheticScanner
FND-001018,APP-0027,Archive Service,preproduction,CVE-2021-44228,pkg:golang/github.com/gin-gonic/gin@3.3.7?instance=17,7.4,0.1693,False,False,High,5.4,P2,Accepted - dead/unreachable code,SyntheticScanner
FND-001019,APP-0028,Marketing Automation,production,CVE-2021-44228,pkg:pypi/flask@2.15.2?instance=58,4.6,0.0011,False,False,Medium,2.7,P3,Accepted - dead/unreachable code,SyntheticScanner
FND-001020,APP-0028,Marketing Automation,production,CVE-2026-21401,pkg:pypi/jinja2@1.7.3?instance=10,9.8,0.4093,True,True,Medium,10,P1,Open,SyntheticScanner
FND-001021,APP-0028,Marketing Automation,production,CVE-2023-44487,pkg:pypi/requests@7.2.7?instance=24,9.8,0.5504,False,True,Medium,10,P1,Open,SyntheticScanner
FND-001022,APP-0028,Marketing Automation,production,CVE-2024-21626,pkg:pypi/jinja2@3.4.5?instance=20,9.9,0.1576,True,True,Medium,10,P1,Open,SyntheticScanner
FND-001023,APP-0028,Marketing Automation,production,CVE-2024-3094,pkg:pypi/pyyaml@2.11.2?instance=2,5.6,0.2072,False,False,Medium,3.7,P3,Accepted - dead/unreachable code,SyntheticScanner
FND-001024,APP-0028,Marketing Automation,production,CVE-2021-44228,pkg:pypi/flask@6.19.1?instance=42,4.6,0.6146,False,True,Medium,5.6,P2,Open,SyntheticScanner
FND-001025,APP-0028,Marketing Automation,production,CVE-2024-3094,pkg:pypi/flask@4.5.8?instance=9,5.8,0.2157,False,True,Medium,5.8,P2,Open,SyntheticScanner
FND-001026,APP-0028,Marketing Automation,production,CVE-2026-21401,pkg:pypi/urllib3@7.8.11?instance=32,6.7,0.1599,True,True,Medium,8.3,P1,Open,SyntheticScanner
FND-001027,APP-0028,Marketing Automation,production,CVE-2026-21401,pkg:pypi/urllib3@5.12.1?instance=12,6.7,0.3172,True,True,Medium,9.1,P1,Open,SyntheticScanner
FND-001028,APP-0028,Marketing Automation,production,CVE-2023-38545,pkg:pypi/requests@8.12.6?instance=53,4.7,0.4875,False,False,Medium,3.6,P3,Accepted - dead/unreachable code,SyntheticScanner
FND-001029,APP-0028,Marketing Automation,production,CVE-2025-32463,pkg:pypi/django@7.7.4?instance=57,5.0,0.5137,False,True,Medium,5.8,P2,Open,SyntheticScanner
FND-001030,APP-0028,Marketing Automation,production,CVE-2024-3094,pkg:pypi/flask@7.6.0?instance=14,7.2,0.4757,True,True,Medium,10,P1,Open,SyntheticScanner
FND-001031,APP-0028,Marketing Automation,production,CVE-2025-24813,pkg:pypi/pyyaml@7.19.5?instance=15,9.4,0.3829,False,False,Medium,6.9,P2,Accepted - dead/unreachable code,SyntheticScanner
FND-001032,APP-0028,Marketing Automation,production,CVE-2024-21626,pkg:pypi/django@5.3.1?instance=27,8.4,0.2511,True,True,Medium,10,P1,Open,SyntheticScanner
FND-001033,APP-0028,Marketing Automation,production,CVE-2025-29927,pkg:pypi/django@9.5.0?instance=46,7.4,0.3949,True,True,Medium,10,P1,Open,SyntheticScanner
FND-001034,APP-0028,Marketing Automation,production,CVE-2022-22965,pkg:pypi/cryptography@1.9.2?instance=51,7.2,0.0902,False,False,Medium,4.5,P3,Accepted - dead/unreachable code,SyntheticScanner
FND-001035,APP-0028,Marketing Automation,production,CVE-2022-22965,pkg:pypi/urllib3@7.14.6?instance=56,9.8,0.1269,True,True,Medium,10,P1,Open,SyntheticScanner
FND-001036,APP-0028,Marketing Automation,production,CVE-2021-44228,pkg:pypi/numpy@2.13.10?instance=54,8.9,0.046,False,False,Medium,5.4,P2,Accepted - dead/unreachable code,SyntheticScanner
FND-001037,APP-0028,Marketing Automation,production,CVE-2026-21401,pkg:pypi/pyyaml@2.11.2?instance=2,5.1,0.3631,False,True,Medium,5.5,P2,Open,SyntheticScanner
FND-001038,APP-0028,Marketing Automation,production,CVE-2023-38545,pkg:pypi/django@8.17.0?instance=33,4.2,0.2094,True,True,Medium,5.4,P2,Open,SyntheticScanner
FND-001039,APP-0028,Marketing Automation,production,CVE-2025-29927,pkg:pypi/pyyaml@6.9.12?instance=23,5.3,0.1227,False,False,Medium,3.4,P3,Accepted - dead/unreachable code,SyntheticScanner
FND-001040,APP-0028,Marketing Automation,production,CVE-2022-22965,pkg:pypi/cryptography@5.10.11?instance=45,8.0,0.7033,False,False,Medium,6.8,P2,Accepted - dead/unreachable code,SyntheticScanner
FND-001041,APP-0028,Marketing Automation,production,CVE-2023-38545,pkg:pypi/flask@5.20.12?instance=31,9.7,0.3457,False,False,Medium,7.0,P2,Accepted - dead/unreachable code,SyntheticScanner
FND-001042,APP-0028,Marketing Automation,preproduction,CVE-2025-32463,pkg:pypi/flask@2.17.8?instance=4,6.7,0.1899,False,False,Medium,4.4,P3,Accepted - dead/unreachable code,SyntheticScanner
FND-001043,APP-0028,Marketing Automation,preproduction,CVE-2026-21401,pkg:pypi/pyyaml@8.8.9?instance=9,8.2,0.0501,False,False,Medium,5.0,P2,Accepted - dead/unreachable code,SyntheticScanner
FND-001044,APP-0028,Marketing Automation,preproduction,CVE-2025-24813,pkg:pypi/jinja2@8.12.10?instance=26,6.5,0.1496,False,True,Medium,6.2,P2,Open,SyntheticScanner
FND-001045,APP-0028,Marketing Automation,preproduction,CVE-2023-44487,pkg:pypi/flask@3.20.8?instance=13,4.6,0.5059,False,False,Medium,3.6,P3,Accepted - dead/unreachable code,SyntheticScanner
FND-001046,APP-0028,Marketing Automation,preproduction,CVE-2023-44487,pkg:pypi/jinja2@6.11.1?instance=33,5.7,0.2227,False,False,Medium,3.8,P3,Accepted - dead/unreachable code,SyntheticScanner
FND-001047,APP-0028,Marketing Automation,preproduction,CVE-2025-29927,pkg:pypi/flask@3.17.5?instance=46,9.6,0.0946,True,True,Medium,10,P1,Open,SyntheticScanner
FND-001048,APP-0028,Marketing Automation,preproduction,CVE-2023-44487,pkg:pypi/cryptography@2.3.2?instance=47,7.2,0.6003,True,True,Medium,10,P1,Open,SyntheticScanner
FND-001049,APP-0028,Marketing Automation,preproduction,CVE-2021-44228,pkg:pypi/urllib3@3.13.11?instance=54,7.0,0.0303,False,False,Medium,4.2,P3,Accepted - dead/unreachable code,SyntheticScanner
FND-001050,APP-0028,Marketing Automation,preproduction,CVE-2026-21401,pkg:pypi/urllib3@3.13.11?instance=54,6.2,0.2227,False,False,Medium,4.2,P3,Accepted - dead/unreachable code,SyntheticScanner
FND-001051,APP-0028,Marketing Automation,preproduction,CVE-2022-22965,pkg:pypi/pyyaml@2.5.9?instance=31,6.3,0.1445,True,True,Medium,7.7,P1,Open,SyntheticScanner
FND-001052,APP-0029,Loan Origination,production,CVE-2022-22965,pkg:maven/org.apache.commons/commons-text@4.9.11?instance=46,4.5,0.2991,False,True,Critical,5.9,P2,Open,SyntheticScanner
FND-001053,APP-0029,Loan Origination,production,CVE-2024-21626,pkg:maven/org.hibernate/hibernate-core@5.20.3?instance=36,8.9,0.0651,False,True,Critical,10,P1,Open,SyntheticScanner
FND-001054,APP-0029,Loan Origination,production,CVE-2022-22965,pkg:maven/org.apache.commons/commons-text@6.12.7?instance=18,5.1,0.3577,False,True,Critical,6.9,P2,Open,SyntheticScanner
FND-001055,APP-0029,Loan Origination,production,CVE-2024-21626,pkg:maven/org.hibernate/hibernate-core@4.2.0?instance=29,5.5,0.5946,False,True,Critical,8.3,P1,Open,SyntheticScanner
FND-001056,APP-0029,Loan Origination,production,CVE-2025-29927,pkg:maven/com.fasterxml.jackson.core/jackson-databind@4.3.0?instance=42,5.6,0.0025,False,True,Critical,6.1,P2,Open,SyntheticScanner
FND-001057,APP-0029,Loan Origination,production,CVE-2025-32463,pkg:maven/org.apache.commons/commons-text@4.9.11?instance=46,5.5,0.12,False,True,Critical,6.5,P2,Open,SyntheticScanner
FND-001058,APP-0029,Loan Origination,production,CVE-2025-24813,pkg:maven/org.springframework/spring-core@2.14.4?instance=21,5.8,0.4774,False,False,Critical,5.6,P2,Accepted - dead/unreachable code,SyntheticScanner
FND-001059,APP-0029,Loan Origination,production,CVE-2023-38545,pkg:maven/org.apache.commons/commons-text@4.9.11?instance=46,7.5,0.6159,False,True,Critical,10,P1,Open,SyntheticScanner
FND-001060,APP-0029,Loan Origination,production,CVE-2026-21401,pkg:maven/org.hibernate/hibernate-core@4.1.0?instance=9,7.3,0.3235,False,True,Critical,9.7,P1,Open,SyntheticScanner
FND-001061,APP-0029,Loan Origination,production,CVE-2024-21626,pkg:maven/org.postgresql/postgresql@3.13.3?instance=27,9.7,0.315,False,False,Critical,8.6,P1,Accepted - dead/unreachable code,SyntheticScanner
FND-001062,APP-0029,Loan Origination,production,CVE-2026-21401,pkg:maven/org.springframework/spring-core@2.14.4?instance=21,6.6,0.2957,False,False,Critical,5.8,P2,Accepted - dead/unreachable code,SyntheticScanner
FND-001063,APP-0029,Loan Origination,production,CVE-2021-44228,pkg:maven/org.postgresql/postgresql@3.3.6?instance=50,7.1,0.2854,False,True,Critical,9.2,P1,Open,SyntheticScanner
FND-001064,APP-0029,Loan Origination,production,CVE-2023-38545,pkg:maven/org.postgresql/postgresql@3.3.6?instance=50,8.0,0.6142,False,True,Critical,10,P1,Open,SyntheticScanner
FND-001065,APP-0029,Loan Origination,production,CVE-2024-3094,pkg:maven/io.netty/netty-handler@4.20.7?instance=59,6.3,0.1354,False,True,Critical,7.5,P1,Open,SyntheticScanner
FND-001066,APP-0029,Loan Origination,production,CVE-2024-3094,pkg:maven/org.yaml/snakeyaml@6.15.3?instance=1,5.4,0.4936,False,True,Critical,7.8,P1,Open,SyntheticScanner
FND-001067,APP-0029,Loan Origination,production,CVE-2023-44487,pkg:maven/org.springframework/spring-core@3.20.0?instance=47,7.2,0.838,False,False,Critical,8.1,P1,Accepted - dead/unreachable code,SyntheticScanner
FND-001068,APP-0029,Loan Origination,production,CVE-2025-32463,pkg:maven/org.apache.commons/commons-text@3.17.11?instance=3,9.1,0.3606,False,True,Critical,10,P1,Open,SyntheticScanner
FND-001069,APP-0029,Loan Origination,production,CVE-2021-44228,pkg:maven/org.hibernate/hibernate-core@8.16.11?instance=45,5.9,0.4878,False,True,Critical,8.5,P1,Open,SyntheticScanner
FND-001070,APP-0029,Loan Origination,production,CVE-2022-22965,pkg:maven/org.springframework/spring-core@5.3.12?instance=43,9.3,0.0148,False,True,Critical,10,P1,Open,SyntheticScanner
FND-001071,APP-0029,Loan Origination,production,CVE-2026-21401,pkg:maven/org.apache.commons/commons-text@5.13.3?instance=28,4.7,0.1497,False,True,Critical,5.6,P2,Open,SyntheticScanner
FND-001072,APP-0029,Loan Origination,production,CVE-2025-32463,pkg:maven/com.fasterxml.jackson.core/jackson-databind@9.13.4?instance=39,9.4,0.0468,False,True,Critical,10,P1,Open,SyntheticScanner
FND-001073,APP-0029,Loan Origination,production,CVE-2022-22965,pkg:maven/org.hibernate/hibernate-core@5.20.3?instance=36,8.2,0.467,False,True,Critical,10,P1,Open,SyntheticScanner
FND-001074,APP-0029,Loan Origination,production,CVE-2022-22965,pkg:maven/org.apache.commons/commons-text@5.6.12?instance=4,4.2,0.3357,False,False,Critical,3.7,P3,Accepted - dead/unreachable code,SyntheticScanner
FND-001075,APP-0029,Loan Origination,production,CVE-2025-29927,pkg:maven/org.yaml/snakeyaml@1.8.5?instance=17,4.3,0.4266,False,False,Critical,4.0,P3,Accepted - dead/unreachable code,SyntheticScanner
FND-001076,APP-0029,Loan Origination,production,CVE-2026-21401,pkg:maven/org.apache.logging.log4j/log4j-core@9.14.2?instance=54,6.0,0.0634,False,True,Critical,6.8,P2,Open,SyntheticScanner
FND-001077,APP-0029,Loan Origination,production,CVE-2024-21626,pkg:maven/org.hibernate/hibernate-core@8.16.11?instance=45,9.9,0.2656,False,True,Critical,10,P1,Open,SyntheticScanner
FND-001078,APP-0029,Loan Origination,preproduction,CVE-2025-29927,pkg:maven/org.hibernate/hibernate-core@4.10.2?instance=46,8.3,0.4016,False,False,Critical,7.7,P1,Accepted - dead/unreachable code,SyntheticScanner
FND-001079,APP-0029,Loan Origination,preproduction,CVE-2026-21401,pkg:maven/org.springframework/spring-core@1.8.0?instance=58,9.8,0.29,False,True,Critical,10,P1,Open,SyntheticScanner
FND-001080,APP-0029,Loan Origination,preproduction,CVE-2022-22965,pkg:maven/org.apache.commons/commons-text@5.7.9?instance=63,6.8,0.0398,False,False,Critical,5.1,P2,Accepted - dead/unreachable code,SyntheticScanner
FND-001081,APP-0029,Loan Origination,preproduction,CVE-2026-21401,pkg:maven/org.springframework/spring-core@5.19.7?instance=17,4.9,0.1296,False,True,Critical,5.8,P2,Open,SyntheticScanner
FND-001082,APP-0029,Loan Origination,preproduction,CVE-2025-24813,pkg:maven/io.netty/netty-handler@4.8.4?instance=40,9.5,0.1196,False,True,Critical,10,P1,Open,SyntheticScanner
FND-001083,APP-0029,Loan Origination,preproduction,CVE-2024-21626,pkg:maven/com.fasterxml.jackson.core/jackson-databind@9.1.7?instance=48,6.4,0.1243,False,True,Critical,7.6,P1,Open,SyntheticScanner
FND-001084,APP-0029,Loan Origination,preproduction,CVE-2021-44228,pkg:maven/com.fasterxml.jackson.core/jackson-databind@3.19.1?instance=24,5.7,0.2163,False,False,Critical,4.8,P3,Accepted - dead/unreachable code,SyntheticScanner
FND-001085,APP-0029,Loan Origination,preproduction,CVE-2023-38545,pkg:maven/org.hibernate/hibernate-core@2.1.9?instance=5,4.1,0.2916,False,True,Critical,5.3,P2,Open,SyntheticScanner
FND-001086,APP-0029,Loan Origination,preproduction,CVE-2023-44487,pkg:maven/org.hibernate/hibernate-core@4.10.2?instance=46,5.8,0.5832,False,True,Critical,8.7,P1,Open,SyntheticScanner
FND-001087,APP-0029,Loan Origination,preproduction,CVE-2026-21401,pkg:maven/org.hibernate/hibernate-core@2.15.12?instance=9,5.8,0.4203,False,False,Critical,5.4,P2,Accepted - dead/unreachable code,SyntheticScanner
FND-001088,APP-0029,Loan Origination,preproduction,CVE-2023-44487,pkg:maven/org.springframework/spring-core@9.11.7?instance=1,7.6,0.3822,False,True,Critical,10,P1,Open,SyntheticScanner
FND-001089,APP-0029,Loan Origination,preproduction,CVE-2025-32463,pkg:maven/io.netty/netty-handler@8.9.10?instance=29,8.4,0.4164,False,True,Critical,10,P1,Open,SyntheticScanner
FND-001090,APP-0029,Loan Origination,preproduction,CVE-2025-24813,pkg:maven/org.postgresql/postgresql@5.2.4?instance=8,5.8,0.0724,False,True,Critical,6.6,P2,Open,SyntheticScanner
FND-001091,APP-0029,Loan Origination,preproduction,CVE-2025-24813,pkg:maven/org.yaml/snakeyaml@6.12.10?instance=65,6.0,0.2319,False,True,Critical,7.6,P1,Open,SyntheticScanner
FND-001092,APP-0029,Loan Origination,preproduction,CVE-2026-21401,pkg:maven/org.yaml/snakeyaml@2.3.12?instance=27,8.0,0.5798,False,False,Critical,8.1,P1,Accepted - dead/unreachable code,SyntheticScanner
FND-001093,APP-0029,Loan Origination,preproduction,CVE-2023-38545,pkg:maven/org.hibernate/hibernate-core@3.19.0?instance=34,4.6,0.0276,False,True,Critical,5.1,P2,Open,SyntheticScanner
FND-001094,APP-0029,Loan Origination,preproduction,CVE-2022-22965,pkg:maven/org.apache.commons/commons-text@5.18.2?instance=0,6.9,0.1034,False,False,Critical,5.4,P2,Accepted - dead/unreachable code,SyntheticScanner
FND-001095,APP-0029,Loan Origination,preproduction,CVE-2023-38545,pkg:maven/com.fasterxml.jackson.core/jackson-databind@2.4.5?instance=38,8.4,0.4656,False,False,Critical,8.0,P1,Accepted - dead/unreachable code,SyntheticScanner
FND-001096,APP-0029,Loan Origination,preproduction,CVE-2024-3094,pkg:maven/org.springframework/spring-core@5.19.7?instance=17,4.3,0.42,False,True,Critical,6.0,P2,Open,SyntheticScanner
FND-001097,APP-0029,Loan Origination,preproduction,CVE-2023-38545,pkg:maven/org.apache.logging.log4j/log4j-core@5.15.0?instance=64,7.8,0.6634,False,False,Critical,8.2,P1,Accepted - dead/unreachable code,SyntheticScanner
FND-001098,APP-0030,Card Authorization,production,CVE-2023-38545,pkg:pypi/requests@3.2.7?instance=54,7.0,0.1084,False,False,Critical,5.5,P2,Accepted - dead/unreachable code,SyntheticScanner
FND-001099,APP-0030,Card Authorization,production,CVE-2024-21626,pkg:pypi/pyyaml@8.14.3?instance=29,5.2,0.0863,False,True,Critical,6.0,P2,Open,SyntheticScanner
FND-001100,APP-0030,Card Authorization,production,CVE-2026-21401,pkg:pypi/django@1.17.11?instance=40,6.9,0.1074,False,True,Critical,8.1,P1,Open,SyntheticScanner
FND-001101,APP-0030,Card Authorization,production,CVE-2023-44487,pkg:pypi/requests@3.2.7?instance=54,9.6,0.3184,False,True,Critical,10,P1,Open,SyntheticScanner
FND-001102,APP-0030,Card Authorization,production,CVE-2024-3094,pkg:pypi/pyyaml@5.6.3?instance=52,4.4,0.3051,False,True,Critical,5.8,P2,Open,SyntheticScanner
FND-001103,APP-0030,Card Authorization,production,CVE-2021-44228,pkg:pypi/cryptography@1.20.2?instance=18,9.8,0.2322,False,False,Critical,8.3,P1,Accepted - dead/unreachable code,SyntheticScanner
FND-001104,APP-0030,Card Authorization,production,CVE-2026-21401,pkg:pypi/numpy@3.8.4?instance=25,7.2,0.269,False,True,Critical,9.3,P1,Open,SyntheticScanner
FND-001105,APP-0030,Card Authorization,production,CVE-2022-22965,pkg:pypi/pyyaml@4.3.2?instance=49,5.8,0.1274,False,True,Critical,6.9,P2,Open,SyntheticScanner
FND-001106,APP-0030,Card Authorization,production,CVE-2023-44487,pkg:pypi/jinja2@6.10.3?instance=27,7.6,0.2389,False,True,Critical,9.6,P1,Open,SyntheticScanner
FND-001107,APP-0030,Card Authorization,production,CVE-2026-21401,pkg:pypi/pyyaml@1.16.11?instance=17,4.5,0.8933,False,True,Critical,7.8,P1,Open,SyntheticScanner
FND-001108,APP-0030,Card Authorization,production,CVE-2021-44228,pkg:pypi/django@1.17.11?instance=40,4.7,0.3912,False,True,Critical,6.4,P2,Open,SyntheticScanner
FND-001109,APP-0030,Card Authorization,production,CVE-2024-21626,pkg:pypi/jinja2@5.4.5?instance=39,8.6,0.0713,False,True,Critical,9.8,P1,Open,SyntheticScanner
FND-001110,APP-0030,Card Authorization,production,CVE-2025-24813,pkg:pypi/jinja2@5.3.4?instance=44,7.2,0.1716,False,True,Critical,8.8,P1,Open,SyntheticScanner
FND-001111,APP-0030,Card Authorization,production,CVE-2024-21626,pkg:pypi/jinja2@6.10.3?instance=27,5.6,0.3293,False,True,Critical,7.4,P2,Open,SyntheticScanner
FND-001112,APP-0030,Card Authorization,preproduction,CVE-2023-44487,pkg:pypi/pyyaml@8.17.7?instance=0,4.8,0.0146,False,True,Critical,5.3,P2,Open,SyntheticScanner
FND-001113,APP-0030,Card Authorization,preproduction,CVE-2025-29927,pkg:pypi/pyyaml@3.17.8?instance=11,4.9,0.135,False,False,Critical,3.9,P3,Accepted - dead/unreachable code,SyntheticScanner
FND-001114,APP-0030,Card Authorization,preproduction,CVE-2024-21626,pkg:pypi/django@7.3.12?instance=41,8.0,0.4753,False,True,Critical,10,P1,Open,SyntheticScanner
FND-001115,APP-0030,Card Authorization,preproduction,CVE-2022-22965,pkg:pypi/urllib3@9.4.7?instance=10,6.2,0.4758,False,False,Critical,5.9,P2,Accepted - dead/unreachable code,SyntheticScanner
FND-001116,APP-0030,Card Authorization,preproduction,CVE-2025-24813,pkg:pypi/pyyaml@1.3.7?instance=48,7.8,0.2623,False,True,Critical,10.0,P1,Open,SyntheticScanner
FND-001117,APP-0030,Card Authorization,preproduction,CVE-2022-22965,pkg:pypi/cryptography@9.6.6?instance=35,9.4,0.0706,False,True,Critical,10,P1,Open,SyntheticScanner
FND-001118,APP-0030,Card Authorization,preproduction,CVE-2025-32463,pkg:pypi/pyyaml@8.17.7?instance=0,5.5,0.1509,False,True,Critical,6.6,P2,Open,SyntheticScanner
FND-001119,APP-0030,Card Authorization,preproduction,CVE-2022-22965,pkg:pypi/flask@8.7.11?instance=9,9.3,0.2706,False,True,Critical,10,P1,Open,SyntheticScanner
FND-001120,APP-0030,Card Authorization,preproduction,CVE-2025-32463,pkg:pypi/requests@1.4.2?instance=2,7.9,0.2407,False,True,Critical,10.0,P1,Open,SyntheticScanner
FND-001121,APP-0030,Card Authorization,preproduction,CVE-2024-3094,pkg:pypi/urllib3@9.14.8?instance=33,7.8,0.1274,False,True,Critical,9.2,P1,Open,SyntheticScanner
FND-001122,APP-0030,Card Authorization,preproduction,CVE-2024-3094,pkg:pypi/jinja2@5.6.7?instance=46,6.9,0.01,False,False,Critical,5.1,P2,Accepted - dead/unreachable code,SyntheticScanner
FND-001123,APP-0030,Card Authorization,preproduction,CVE-2025-32463,pkg:pypi/flask@8.7.11?instance=9,6.6,0.0248,False,False,Critical,4.9,P3,Accepted - dead/unreachable code,SyntheticScanner
FND-001124,APP-0030,Card Authorization,preproduction,CVE-2025-29927,pkg:pypi/django@1.1.10?instance=20,9.9,0.1776,False,False,Critical,8.1,P1,Accepted - dead/unreachable code,SyntheticScanner
FND-001125,APP-0030,Card Authorization,preproduction,CVE-2024-3094,pkg:pypi/flask@2.0.12?instance=3,9.7,0.1691,False,False,Critical,7.9,P1,Accepted - dead/unreachable code,SyntheticScanner
FND-001126,APP-0030,Card Authorization,preproduction,CVE-2021-44228,pkg:pypi/numpy@6.16.9?instance=30,4.6,0.1132,False,True,Critical,5.4,P2,Open,SyntheticScanner
FND-001127,APP-0030,Card Authorization,preproduction,CVE-2025-29927,pkg:pypi/urllib3@9.10.8?instance=31,7.8,0.0588,False,True,Critical,8.9,P1,Open,SyntheticScanner
